{"l_s_c_h_sum_MJ": 1560.1530874664027, "l_s_c_c_sum_MJ": -8338.43758621912, "l_s_r_h_sum_MJ": 0.0, "l_s_r_c_sum_MJ": 0.0, "l_l_c_h_sum_MJ": 0.0, "l_l_c_c_sum_MJ": -2616.2857365200243}