{"l_s_c_h_sum_MJ": 8160.693451500732, "l_s_c_c_sum_MJ": -3639.2300264010605, "l_s_r_h_sum_MJ": 0.0, "l_s_r_c_sum_MJ": 0.0, "l_l_c_h_sum_MJ": 0.0, "l_l_c_c_sum_MJ": -536.1034028215915}