{"l_s_c_h_sum_MJ": 11118.998067098139, "l_s_c_c_sum_MJ": -1080.4789766310562, "l_s_r_h_sum_MJ": 0.0, "l_s_r_c_sum_MJ": 0.0, "l_l_c_h_sum_MJ": 0.0, "l_l_c_c_sum_MJ": -17.172625614179736}