{"l_s_c_h_sum_MJ": 2620.6552246886854, "l_s_c_c_sum_MJ": -17277.752759383424, "l_s_r_h_sum_MJ": 0.0, "l_s_r_c_sum_MJ": 0.0, "l_l_c_h_sum_MJ": 0.0, "l_l_c_c_sum_MJ": -4552.404371685704}