{"l_s_c_h_sum_MJ": 19068.2179648947, "l_s_c_c_sum_MJ": -953.5092881403111, "l_s_r_h_sum_MJ": 0.0, "l_s_r_c_sum_MJ": 0.0, "l_l_c_h_sum_MJ": 0.0, "l_l_c_c_sum_MJ": -37.192006411535196}