{"l_s_c_h_sum_MJ": 572.855415238473, "l_s_c_c_sum_MJ": -11565.83627595084, "l_s_r_h_sum_MJ": 0.0, "l_s_r_c_sum_MJ": 0.0, "l_l_c_h_sum_MJ": 0.0, "l_l_c_c_sum_MJ": -3120.039822427404}