{"l_s_c_h_sum_MJ": 4889.281443583817, "l_s_c_c_sum_MJ": -23112.195674473427, "l_s_r_h_sum_MJ": 0.0, "l_s_r_c_sum_MJ": 0.0, "l_l_c_h_sum_MJ": 0.0, "l_l_c_c_sum_MJ": -7001.753040202396}