{"l_s_c_h_sum_MJ": 5477.860796617561, "l_s_c_c_sum_MJ": -20164.880527922654, "l_s_r_h_sum_MJ": 0.0, "l_s_r_c_sum_MJ": 0.0, "l_l_c_h_sum_MJ": 0.0, "l_l_c_c_sum_MJ": -6394.6579690634535}