{"l_s_c_h_sum_MJ": 4715.115503021211, "l_s_c_c_sum_MJ": -24373.7083667151, "l_s_r_h_sum_MJ": 0.0, "l_s_r_c_sum_MJ": 0.0, "l_l_c_h_sum_MJ": 0.0, "l_l_c_c_sum_MJ": -7254.085526784218}