{"l_s_c_h_sum_MJ": 17905.1111859529, "l_s_c_c_sum_MJ": -8571.061481379147, "l_s_r_h_sum_MJ": 0.0, "l_s_r_c_sum_MJ": 0.0, "l_l_c_h_sum_MJ": 0.0, "l_l_c_c_sum_MJ": -1638.4809772522228}