{"l_s_c_h_sum_MJ": 35797.87515199112, "l_s_c_c_sum_MJ": -1616.2895658207754, "l_s_r_h_sum_MJ": 0.0, "l_s_r_c_sum_MJ": 0.0, "l_l_c_h_sum_MJ": 0.0, "l_l_c_c_sum_MJ": -88.79026701756331}