{"l_s_c_h_sum_MJ": 18048.270863365397, "l_s_c_c_sum_MJ": -8407.227124677042, "l_s_r_h_sum_MJ": 0.0, "l_s_r_c_sum_MJ": 0.0, "l_l_c_h_sum_MJ": 0.0, "l_l_c_c_sum_MJ": -1611.1254443339726}