{"l_s_c_h_sum_MJ": 18800.469737394276, "l_s_c_c_sum_MJ": -614.8438510890021, "l_s_r_h_sum_MJ": 0.0, "l_s_r_c_sum_MJ": 0.0, "l_l_c_h_sum_MJ": 0.0, "l_l_c_c_sum_MJ": -10.21483818536036}