{"l_s_c_h_sum_MJ": 28361.983150531218, "l_s_c_c_sum_MJ": -6608.708943059883, "l_s_r_h_sum_MJ": 0.0, "l_s_r_c_sum_MJ": 0.0, "l_l_c_h_sum_MJ": 0.0, "l_l_c_c_sum_MJ": -1430.9986230767672}