{"l_s_c_h_sum_MJ": 2309.561744203841, "l_s_c_c_sum_MJ": -6524.1668463558435, "l_s_r_h_sum_MJ": 0.0, "l_s_r_c_sum_MJ": 0.0, "l_l_c_h_sum_MJ": 0.0, "l_l_c_c_sum_MJ": -2101.473237504974}