{"l_s_c_h_sum_MJ": 1732.8228613919407, "l_s_c_c_sum_MJ": -4425.985175533357, "l_s_r_h_sum_MJ": 0.0, "l_s_r_c_sum_MJ": 0.0, "l_l_c_h_sum_MJ": 0.0, "l_l_c_c_sum_MJ": -1367.3911250200345}