{"l_s_c_h_sum_MJ": 15437.876144845131, "l_s_c_c_sum_MJ": -6262.207644334241, "l_s_r_h_sum_MJ": 0.0, "l_s_r_c_sum_MJ": 0.0, "l_l_c_h_sum_MJ": 0.0, "l_l_c_c_sum_MJ": -1106.864365981634}