{"l_s_c_h_sum_MJ": 29175.634849501308, "l_s_c_c_sum_MJ": -1633.8277576553473, "l_s_r_h_sum_MJ": 0.0, "l_s_r_c_sum_MJ": 0.0, "l_l_c_h_sum_MJ": 0.0, "l_l_c_c_sum_MJ": -76.82395090796851}