{"l_s_c_h_sum_MJ": 11119.941841685246, "l_s_c_c_sum_MJ": -6020.705613178181, "l_s_r_h_sum_MJ": 0.0, "l_s_r_c_sum_MJ": 0.0, "l_l_c_h_sum_MJ": 0.0, "l_l_c_c_sum_MJ": -983.7005241243575}