{"l_s_c_h_sum_MJ": 15891.215200049557, "l_s_c_c_sum_MJ": -5559.711042681868, "l_s_r_h_sum_MJ": 0.0, "l_s_r_c_sum_MJ": 0.0, "l_l_c_h_sum_MJ": 0.0, "l_l_c_c_sum_MJ": -1019.8192042093178}