{"l_s_c_h_sum_MJ": 10012.83191473991, "l_s_c_c_sum_MJ": -4178.72820739005, "l_s_r_h_sum_MJ": 0.0, "l_s_r_c_sum_MJ": 0.0, "l_l_c_h_sum_MJ": 0.0, "l_l_c_c_sum_MJ": -657.6011478337848}