{"l_s_c_h_sum_MJ": 13185.495105699596, "l_s_c_c_sum_MJ": -5113.612547992096, "l_s_r_h_sum_MJ": 0.0, "l_s_r_c_sum_MJ": 0.0, "l_l_c_h_sum_MJ": 0.0, "l_l_c_c_sum_MJ": -871.9867431807126}