{"l_s_c_h_sum_MJ": 29181.53062773908, "l_s_c_c_sum_MJ": -909.9241041310148, "l_s_r_h_sum_MJ": 0.0, "l_s_r_c_sum_MJ": 0.0, "l_l_c_h_sum_MJ": 0.0, "l_l_c_c_sum_MJ": -27.692765734115373}