{"l_s_c_h_sum_MJ": 2646.5972814810525, "l_s_c_c_sum_MJ": -17008.05858678871, "l_s_r_h_sum_MJ": 0.0, "l_s_r_c_sum_MJ": 0.0, "l_l_c_h_sum_MJ": 0.0, "l_l_c_c_sum_MJ": -4508.155971034853}