{"l_s_c_h_sum_MJ": 3128.6780029067468, "l_s_c_c_sum_MJ": -14791.13120545066, "l_s_r_h_sum_MJ": 0.0, "l_s_r_c_sum_MJ": 0.0, "l_l_c_h_sum_MJ": 0.0, "l_l_c_c_sum_MJ": -4158.1639750703}