{"l_s_c_h_sum_MJ": 15465.117096850732, "l_s_c_c_sum_MJ": -5859.105560718614, "l_s_r_h_sum_MJ": 0.0, "l_s_r_c_sum_MJ": 0.0, "l_l_c_h_sum_MJ": 0.0, "l_l_c_c_sum_MJ": -1074.0082616074917}