{"l_s_c_h_sum_MJ": 714.3614417754565, "l_s_c_c_sum_MJ": -16276.712507102739, "l_s_r_h_sum_MJ": 0.0, "l_s_r_c_sum_MJ": 0.0, "l_l_c_h_sum_MJ": 0.0, "l_l_c_c_sum_MJ": -4581.21106329909}