{"l_s_c_h_sum_MJ": 34155.101288633414, "l_s_c_c_sum_MJ": -1234.1182259583782, "l_s_r_h_sum_MJ": 0.0, "l_s_r_c_sum_MJ": 0.0, "l_l_c_h_sum_MJ": 0.0, "l_l_c_c_sum_MJ": -55.95545831263269}