{"l_s_c_h_sum_MJ": 11703.222315724192, "l_s_c_c_sum_MJ": -915.9023216056685, "l_s_r_h_sum_MJ": 0.0, "l_s_r_c_sum_MJ": 0.0, "l_l_c_h_sum_MJ": 0.0, "l_l_c_c_sum_MJ": -13.254582506824635}