{"l_s_c_h_sum_MJ": 23446.59673125384, "l_s_c_c_sum_MJ": -1039.9631515845556, "l_s_r_h_sum_MJ": 0.0, "l_s_r_c_sum_MJ": 0.0, "l_l_c_h_sum_MJ": 0.0, "l_l_c_c_sum_MJ": -49.02566306550173}