{"l_s_c_h_sum_MJ": 14576.13712836733, "l_s_c_c_sum_MJ": -1089.7342487878182, "l_s_r_h_sum_MJ": 0.0, "l_s_r_c_sum_MJ": 0.0, "l_l_c_h_sum_MJ": 0.0, "l_l_c_c_sum_MJ": -41.88104615200311}