{"l_s_c_h_sum_MJ": 30775.235341192754, "l_s_c_c_sum_MJ": -1214.2673755358471, "l_s_r_h_sum_MJ": 0.0, "l_s_r_c_sum_MJ": 0.0, "l_l_c_h_sum_MJ": 0.0, "l_l_c_c_sum_MJ": -49.73482550120884}