{"l_s_c_h_sum_MJ": 33313.27586355434, "l_s_c_c_sum_MJ": -1445.6007234729727, "l_s_r_h_sum_MJ": 0.0, "l_s_r_c_sum_MJ": 0.0, "l_l_c_h_sum_MJ": 0.0, "l_l_c_c_sum_MJ": -70.53855796181492}