{"l_s_c_h_sum_MJ": 9613.62598463937, "l_s_c_c_sum_MJ": -4518.263087642461, "l_s_r_h_sum_MJ": 0.0, "l_s_r_c_sum_MJ": 0.0, "l_l_c_h_sum_MJ": 0.0, "l_l_c_c_sum_MJ": -707.9931880291844}