{"l_s_c_h_sum_MJ": 20451.083738821155, "l_s_c_c_sum_MJ": -1040.4970665286041, "l_s_r_h_sum_MJ": 0.0, "l_s_r_c_sum_MJ": 0.0, "l_l_c_h_sum_MJ": 0.0, "l_l_c_c_sum_MJ": -44.70235860124139}