{"l_s_c_h_sum_MJ": 37402.219172372126, "l_s_c_c_sum_MJ": -1222.617317586278, "l_s_r_h_sum_MJ": 0.0, "l_s_r_c_sum_MJ": 0.0, "l_l_c_h_sum_MJ": 0.0, "l_l_c_c_sum_MJ": -59.45009398266829}