{"l_s_c_h_sum_MJ": 15581.586909366379, "l_s_c_c_sum_MJ": -6083.670797321431, "l_s_r_h_sum_MJ": 0.0, "l_s_r_c_sum_MJ": 0.0, "l_l_c_h_sum_MJ": 0.0, "l_l_c_c_sum_MJ": -1080.9057825429236}