{"l_s_c_h_sum_MJ": 3341.1873778578497, "l_s_c_c_sum_MJ": -12765.494724308106, "l_s_r_h_sum_MJ": 0.0, "l_s_r_c_sum_MJ": 0.0, "l_l_c_h_sum_MJ": 0.0, "l_l_c_c_sum_MJ": -3431.469098788004}