{"l_s_c_h_sum_MJ": 29944.05064882586, "l_s_c_c_sum_MJ": -1419.4105911865472, "l_s_r_h_sum_MJ": 0.0, "l_s_r_c_sum_MJ": 0.0, "l_l_c_h_sum_MJ": 0.0, "l_l_c_c_sum_MJ": -62.93764377848844}