{"l_s_c_h_sum_MJ": 27628.986878800715, "l_s_c_c_sum_MJ": -7122.689896871185, "l_s_r_h_sum_MJ": 0.0, "l_s_r_c_sum_MJ": 0.0, "l_l_c_h_sum_MJ": 0.0, "l_l_c_c_sum_MJ": -1527.319057473908}