{"l_s_c_h_sum_MJ": 15918.323460902866, "l_s_c_c_sum_MJ": -8058.159211214568, "l_s_r_h_sum_MJ": 0.0, "l_s_r_c_sum_MJ": 0.0, "l_l_c_h_sum_MJ": 0.0, "l_l_c_c_sum_MJ": -1499.001069609852}