{"l_s_c_h_sum_MJ": 11642.492171814625, "l_s_c_c_sum_MJ": -5464.416141004081, "l_s_r_h_sum_MJ": 0.0, "l_s_r_c_sum_MJ": 0.0, "l_l_c_h_sum_MJ": 0.0, "l_l_c_c_sum_MJ": -907.8621559298435}