{"l_s_c_h_sum_MJ": 364.26360064104347, "l_s_c_c_sum_MJ": -12173.805771211337, "l_s_r_h_sum_MJ": 0.0, "l_s_r_c_sum_MJ": 0.0, "l_l_c_h_sum_MJ": 0.0, "l_l_c_c_sum_MJ": -2856.3197219447216}