{"l_s_c_h_sum_MJ": 1174.8199165035342, "l_s_c_c_sum_MJ": -5470.705648209002, "l_s_r_h_sum_MJ": 0.0, "l_s_r_c_sum_MJ": 0.0, "l_l_c_h_sum_MJ": 0.0, "l_l_c_c_sum_MJ": -1651.5124503976615}