{"l_s_c_h_sum_MJ": 27756.95438021618, "l_s_c_c_sum_MJ": -7568.193289407672, "l_s_r_h_sum_MJ": 0.0, "l_s_r_c_sum_MJ": 0.0, "l_l_c_h_sum_MJ": 0.0, "l_l_c_c_sum_MJ": -1621.3639475323266}