{"l_s_c_h_sum_MJ": 1768.7365489122558, "l_s_c_c_sum_MJ": -4282.460154024794, "l_s_r_h_sum_MJ": 0.0, "l_s_r_c_sum_MJ": 0.0, "l_l_c_h_sum_MJ": 0.0, "l_l_c_c_sum_MJ": -1324.9403993446383}