{"l_s_c_h_sum_MJ": 16254.262507243053, "l_s_c_c_sum_MJ": -5167.357869980351, "l_s_r_h_sum_MJ": 0.0, "l_s_r_c_sum_MJ": 0.0, "l_l_c_h_sum_MJ": 0.0, "l_l_c_c_sum_MJ": -939.4132137583946}