{"l_s_c_h_sum_MJ": 18254.282586654626, "l_s_c_c_sum_MJ": -1182.2950865804653, "l_s_r_h_sum_MJ": 0.0, "l_s_r_c_sum_MJ": 0.0, "l_l_c_h_sum_MJ": 0.0, "l_l_c_c_sum_MJ": -52.40738393736931}