{"l_s_c_h_sum_MJ": 15705.45985998354, "l_s_c_c_sum_MJ": -904.000075556983, "l_s_r_h_sum_MJ": 0.0, "l_s_r_c_sum_MJ": 0.0, "l_l_c_h_sum_MJ": 0.0, "l_l_c_c_sum_MJ": -17.394540168362376}