{"l_s_c_h_sum_MJ": 16064.75348256838, "l_s_c_c_sum_MJ": -7894.874206895613, "l_s_r_h_sum_MJ": 0.0, "l_s_r_c_sum_MJ": 0.0, "l_l_c_h_sum_MJ": 0.0, "l_l_c_c_sum_MJ": -1471.4115379302752}