{"l_s_c_h_sum_MJ": 17728.89344508909, "l_s_c_c_sum_MJ": -518.6349386063157, "l_s_r_h_sum_MJ": 0.0, "l_s_r_c_sum_MJ": 0.0, "l_l_c_h_sum_MJ": 0.0, "l_l_c_c_sum_MJ": -6.352371022385868}