{"l_s_c_h_sum_MJ": 569.9354881215456, "l_s_c_c_sum_MJ": -11617.42659940085, "l_s_r_h_sum_MJ": 0.0, "l_s_r_c_sum_MJ": 0.0, "l_l_c_h_sum_MJ": 0.0, "l_l_c_c_sum_MJ": -3130.9441023683444}