{"l_s_c_h_sum_MJ": 22232.292824955708, "l_s_c_c_sum_MJ": -1405.122706220901, "l_s_r_h_sum_MJ": 0.0, "l_s_r_c_sum_MJ": 0.0, "l_l_c_h_sum_MJ": 0.0, "l_l_c_c_sum_MJ": -75.19318427567651}