{"l_s_c_h_sum_MJ": 35196.58342827721, "l_s_c_c_sum_MJ": -1008.3718024768684, "l_s_r_h_sum_MJ": 0.0, "l_s_r_c_sum_MJ": 0.0, "l_l_c_h_sum_MJ": 0.0, "l_l_c_c_sum_MJ": -41.00582113382756}