{"l_s_c_h_sum_MJ": 14997.066457230783, "l_s_c_c_sum_MJ": -6210.842053839552, "l_s_r_h_sum_MJ": 0.0, "l_s_r_c_sum_MJ": 0.0, "l_l_c_h_sum_MJ": 0.0, "l_l_c_c_sum_MJ": -1137.687614446037}