{"l_s_c_h_sum_MJ": 21326.937848450074, "l_s_c_c_sum_MJ": -1262.0127040900918, "l_s_r_h_sum_MJ": 0.0, "l_s_r_c_sum_MJ": 0.0, "l_l_c_h_sum_MJ": 0.0, "l_l_c_c_sum_MJ": -63.04765041528888}