{"l_s_c_h_sum_MJ": 5328.469064873972, "l_s_c_c_sum_MJ": -21319.9316590636, "l_s_r_h_sum_MJ": 0.0, "l_s_r_c_sum_MJ": 0.0, "l_l_c_h_sum_MJ": 0.0, "l_l_c_c_sum_MJ": -6650.525817321461}