{"l_s_c_h_sum_MJ": 20846.63656366813, "l_s_c_c_sum_MJ": -1425.1379125946187, "l_s_r_h_sum_MJ": 0.0, "l_s_r_c_sum_MJ": 0.0, "l_l_c_h_sum_MJ": 0.0, "l_l_c_c_sum_MJ": -74.339414302899}