{"l_s_c_h_sum_MJ": 12339.679218760883, "l_s_c_c_sum_MJ": -4027.6616339539, "l_s_r_h_sum_MJ": 0.0, "l_s_r_c_sum_MJ": 0.0, "l_l_c_h_sum_MJ": 0.0, "l_l_c_c_sum_MJ": -541.185391323239}