{"l_s_c_h_sum_MJ": 24116.451673637577, "l_s_c_c_sum_MJ": -880.4996500801248, "l_s_r_h_sum_MJ": 0.0, "l_s_r_c_sum_MJ": 0.0, "l_l_c_h_sum_MJ": 0.0, "l_l_c_c_sum_MJ": -37.65034310995774}