{"l_s_c_h_sum_MJ": 13769.321003812069, "l_s_c_c_sum_MJ": -1368.0443121182152, "l_s_r_h_sum_MJ": 0.0, "l_s_r_c_sum_MJ": 0.0, "l_l_c_h_sum_MJ": 0.0, "l_l_c_c_sum_MJ": -59.03056724715969}