{"l_s_c_h_sum_MJ": 714.8177974745814, "l_s_c_c_sum_MJ": -8881.681505352733, "l_s_r_h_sum_MJ": 0.0, "l_s_r_c_sum_MJ": 0.0, "l_l_c_h_sum_MJ": 0.0, "l_l_c_c_sum_MJ": -2207.8465288068573}