{"l_s_c_h_sum_MJ": 31778.362682820225, "l_s_c_c_sum_MJ": -989.0549355434638, "l_s_r_h_sum_MJ": 0.0, "l_s_r_c_sum_MJ": 0.0, "l_l_c_h_sum_MJ": 0.0, "l_l_c_c_sum_MJ": -36.23049219948283}