{"l_s_c_h_sum_MJ": 22802.760319268025, "l_s_c_c_sum_MJ": -871.3201895923726, "l_s_r_h_sum_MJ": 0.0, "l_s_r_c_sum_MJ": 0.0, "l_l_c_h_sum_MJ": 0.0, "l_l_c_c_sum_MJ": -35.69278112928554}