{"l_s_c_h_sum_MJ": 9787.041831355446, "l_s_c_c_sum_MJ": -4448.429567888728, "l_s_r_h_sum_MJ": 0.0, "l_s_r_c_sum_MJ": 0.0, "l_l_c_h_sum_MJ": 0.0, "l_l_c_c_sum_MJ": -710.6638403435568}