{"l_s_c_h_sum_MJ": 26231.990595928633, "l_s_c_c_sum_MJ": -8863.900910190476, "l_s_r_h_sum_MJ": 0.0, "l_s_r_c_sum_MJ": 0.0, "l_l_c_h_sum_MJ": 0.0, "l_l_c_c_sum_MJ": -1850.106485866762}