{"l_s_c_h_sum_MJ": 540.1664467574794, "l_s_c_c_sum_MJ": -12159.153527261744, "l_s_r_h_sum_MJ": 0.0, "l_s_r_c_sum_MJ": 0.0, "l_l_c_h_sum_MJ": 0.0, "l_l_c_c_sum_MJ": -3242.43858625061}