{"l_s_c_h_sum_MJ": 12272.22706833034, "l_s_c_c_sum_MJ": -5794.087060223035, "l_s_r_h_sum_MJ": 0.0, "l_s_r_c_sum_MJ": 0.0, "l_l_c_h_sum_MJ": 0.0, "l_l_c_c_sum_MJ": -991.2793980576455}