{"l_s_c_h_sum_MJ": 1586.7615844695745, "l_s_c_c_sum_MJ": -8181.236818213343, "l_s_r_h_sum_MJ": 0.0, "l_s_r_c_sum_MJ": 0.0, "l_l_c_h_sum_MJ": 0.0, "l_l_c_c_sum_MJ": -2571.398756843255}