{"l_s_c_h_sum_MJ": 2261.601011024191, "l_s_c_c_sum_MJ": -6714.9354265091015, "l_s_r_h_sum_MJ": 0.0, "l_s_r_c_sum_MJ": 0.0, "l_l_c_h_sum_MJ": 0.0, "l_l_c_c_sum_MJ": -2159.790534690607}