{"l_s_c_h_sum_MJ": 23111.402522519813, "l_s_c_c_sum_MJ": -1440.6279677185355, "l_s_r_h_sum_MJ": 0.0, "l_s_r_c_sum_MJ": 0.0, "l_l_c_h_sum_MJ": 0.0, "l_l_c_c_sum_MJ": -51.762487350138734}