{"l_s_c_h_sum_MJ": 36556.35130693164, "l_s_c_c_sum_MJ": -1422.0958175131182, "l_s_r_h_sum_MJ": 0.0, "l_s_r_c_sum_MJ": 0.0, "l_l_c_h_sum_MJ": 0.0, "l_l_c_c_sum_MJ": -73.76029895807866}