{"l_s_c_h_sum_MJ": 671.5803760328996, "l_s_c_c_sum_MJ": -17032.15909225119, "l_s_r_h_sum_MJ": 0.0, "l_s_r_c_sum_MJ": 0.0, "l_l_c_h_sum_MJ": 0.0, "l_l_c_c_sum_MJ": -4750.077616658092}