{"l_s_c_h_sum_MJ": 28094.45625071406, "l_s_c_c_sum_MJ": -1148.1254439038232, "l_s_r_h_sum_MJ": 0.0, "l_s_r_c_sum_MJ": 0.0, "l_l_c_h_sum_MJ": 0.0, "l_l_c_c_sum_MJ": -41.493682720042095}