{"l_s_c_h_sum_MJ": 1135.216550865328, "l_s_c_c_sum_MJ": -5710.5725408143735, "l_s_r_h_sum_MJ": 0.0, "l_s_r_c_sum_MJ": 0.0, "l_l_c_h_sum_MJ": 0.0, "l_l_c_c_sum_MJ": -1718.1713345979167}