{"l_s_c_h_sum_MJ": 8336.909408040987, "l_s_c_c_sum_MJ": -4332.8920660704825, "l_s_r_h_sum_MJ": 0.0, "l_s_r_c_sum_MJ": 0.0, "l_l_c_h_sum_MJ": 0.0, "l_l_c_c_sum_MJ": -530.4932117538625}