{"l_s_c_h_sum_MJ": 12194.46808648975, "l_s_c_c_sum_MJ": -5855.6060092805465, "l_s_r_h_sum_MJ": 0.0, "l_s_r_c_sum_MJ": 0.0, "l_l_c_h_sum_MJ": 0.0, "l_l_c_c_sum_MJ": -1002.9053604907969}