{"l_s_c_h_sum_MJ": 2587.232024502394, "l_s_c_c_sum_MJ": -17664.30188524689, "l_s_r_h_sum_MJ": 0.0, "l_s_r_c_sum_MJ": 0.0, "l_l_c_h_sum_MJ": 0.0, "l_l_c_c_sum_MJ": -4612.768490661655}