{"l_s_c_h_sum_MJ": 16869.105934199895, "l_s_c_c_sum_MJ": -7178.620886867433, "l_s_r_h_sum_MJ": 0.0, "l_s_r_c_sum_MJ": 0.0, "l_l_c_h_sum_MJ": 0.0, "l_l_c_c_sum_MJ": -1350.6577618759486}