{"l_s_c_h_sum_MJ": 1016.4778521495703, "l_s_c_c_sum_MJ": -9059.334185385784, "l_s_r_h_sum_MJ": 0.0, "l_s_r_c_sum_MJ": 0.0, "l_l_c_h_sum_MJ": 0.0, "l_l_c_c_sum_MJ": -2587.132311718419}