{"l_s_c_h_sum_MJ": 16177.228918933286, "l_s_c_c_sum_MJ": -797.3812963723537, "l_s_r_h_sum_MJ": 0.0, "l_s_r_c_sum_MJ": 0.0, "l_l_c_h_sum_MJ": 0.0, "l_l_c_c_sum_MJ": -14.289201978825476}