{"l_s_c_h_sum_MJ": 19614.10475573307, "l_s_c_c_sum_MJ": -7078.034256123599, "l_s_r_h_sum_MJ": 0.0, "l_s_r_c_sum_MJ": 0.0, "l_l_c_h_sum_MJ": 0.0, "l_l_c_c_sum_MJ": -1384.133895750745}