{"l_s_c_h_sum_MJ": 16727.372482328206, "l_s_c_c_sum_MJ": -4757.995966744275, "l_s_r_h_sum_MJ": 0.0, "l_s_r_c_sum_MJ": 0.0, "l_l_c_h_sum_MJ": 0.0, "l_l_c_c_sum_MJ": -873.7941123021317}