{"l_s_c_h_sum_MJ": 14934.953284292076, "l_s_c_c_sum_MJ": -6270.763361994236, "l_s_r_h_sum_MJ": 0.0, "l_s_r_c_sum_MJ": 0.0, "l_l_c_h_sum_MJ": 0.0, "l_l_c_c_sum_MJ": -1148.2131591699551}