{"l_s_c_h_sum_MJ": 10365.104620987875, "l_s_c_c_sum_MJ": -3915.698657278557, "l_s_r_h_sum_MJ": 0.0, "l_s_r_c_sum_MJ": 0.0, "l_l_c_h_sum_MJ": 0.0, "l_l_c_c_sum_MJ": -616.7269827954038}