{"l_s_c_h_sum_MJ": 12156.583838732451, "l_s_c_c_sum_MJ": -4989.686126572594, "l_s_r_h_sum_MJ": 0.0, "l_s_r_c_sum_MJ": 0.0, "l_l_c_h_sum_MJ": 0.0, "l_l_c_c_sum_MJ": -838.5543553872551}