{"l_s_c_h_sum_MJ": 4748.237977830893, "l_s_c_c_sum_MJ": -24135.824468438914, "l_s_r_h_sum_MJ": 0.0, "l_s_r_c_sum_MJ": 0.0, "l_l_c_h_sum_MJ": 0.0, "l_l_c_c_sum_MJ": -7206.454455575514}