{"l_s_c_h_sum_MJ": 1136.410729943531, "l_s_c_c_sum_MJ": -5703.508468042136, "l_s_r_h_sum_MJ": 0.0, "l_s_r_c_sum_MJ": 0.0, "l_l_c_h_sum_MJ": 0.0, "l_l_c_c_sum_MJ": -1716.0448185706616}