{"l_s_c_h_sum_MJ": 1143.518597511238, "l_s_c_c_sum_MJ": -5659.816369523809, "l_s_r_h_sum_MJ": 0.0, "l_s_r_c_sum_MJ": 0.0, "l_l_c_h_sum_MJ": 0.0, "l_l_c_c_sum_MJ": -1703.893371290505}