{"l_s_c_h_sum_MJ": 7358.949712020148, "l_s_c_c_sum_MJ": -4302.199809428364, "l_s_r_h_sum_MJ": 0.0, "l_s_r_c_sum_MJ": 0.0, "l_l_c_h_sum_MJ": 0.0, "l_l_c_c_sum_MJ": -634.7720910919427}