{"l_s_c_h_sum_MJ": 13281.070980467994, "l_s_c_c_sum_MJ": -1565.4676714834027, "l_s_r_h_sum_MJ": 0.0, "l_s_r_c_sum_MJ": 0.0, "l_l_c_h_sum_MJ": 0.0, "l_l_c_c_sum_MJ": -70.69251699934522}