{"l_s_c_h_sum_MJ": 22692.96703155471, "l_s_c_c_sum_MJ": -1249.057162178329, "l_s_r_h_sum_MJ": 0.0, "l_s_r_c_sum_MJ": 0.0, "l_l_c_h_sum_MJ": 0.0, "l_l_c_c_sum_MJ": -64.45655801276189}