{"l_s_c_h_sum_MJ": 835.9984666660355, "l_s_c_c_sum_MJ": -14443.392589567868, "l_s_r_h_sum_MJ": 0.0, "l_s_r_c_sum_MJ": 0.0, "l_l_c_h_sum_MJ": 0.0, "l_l_c_c_sum_MJ": -4152.756960650523}