{"l_s_c_h_sum_MJ": 3089.4979177464916, "l_s_c_c_sum_MJ": -15133.998880030354, "l_s_r_h_sum_MJ": 0.0, "l_s_r_c_sum_MJ": 0.0, "l_l_c_h_sum_MJ": 0.0, "l_l_c_c_sum_MJ": -4225.703504773417}