{"l_s_c_h_sum_MJ": 7478.663043972439, "l_s_c_c_sum_MJ": -4194.764308354886, "l_s_r_h_sum_MJ": 0.0, "l_s_r_c_sum_MJ": 0.0, "l_l_c_h_sum_MJ": 0.0, "l_l_c_c_sum_MJ": -618.9826844980195}