{"l_s_c_h_sum_MJ": 3379.674954190971, "l_s_c_c_sum_MJ": -12068.032494451118, "l_s_r_h_sum_MJ": 0.0, "l_s_r_c_sum_MJ": 0.0, "l_l_c_h_sum_MJ": 0.0, "l_l_c_c_sum_MJ": -3293.172426113202}