{"l_s_c_h_sum_MJ": 21076.129402537892, "l_s_c_c_sum_MJ": -884.1189857450023, "l_s_r_h_sum_MJ": 0.0, "l_s_r_c_sum_MJ": 0.0, "l_l_c_h_sum_MJ": 0.0, "l_l_c_c_sum_MJ": -33.77471634202403}