{"l_s_c_h_sum_MJ": 321.9453281558462, "l_s_c_c_sum_MJ": -12826.640040065877, "l_s_r_h_sum_MJ": 0.0, "l_s_r_c_sum_MJ": 0.0, "l_l_c_h_sum_MJ": 0.0, "l_l_c_c_sum_MJ": -2979.5622450392493}