{"l_s_c_h_sum_MJ": 814.697476552494, "l_s_c_c_sum_MJ": -8282.704232988714, "l_s_r_h_sum_MJ": 0.0, "l_s_r_c_sum_MJ": 0.0, "l_l_c_h_sum_MJ": 0.0, "l_l_c_c_sum_MJ": -2081.184066479698}