{"l_s_c_h_sum_MJ": 719.4545147105218, "l_s_c_c_sum_MJ": -16195.046804707405, "l_s_r_h_sum_MJ": 0.0, "l_s_r_c_sum_MJ": 0.0, "l_l_c_h_sum_MJ": 0.0, "l_l_c_c_sum_MJ": -4561.851265302673}