{"l_s_c_h_sum_MJ": 2230.6887317236205, "l_s_c_c_sum_MJ": -6839.516253246701, "l_s_r_h_sum_MJ": 0.0, "l_s_r_c_sum_MJ": 0.0, "l_l_c_h_sum_MJ": 0.0, "l_l_c_c_sum_MJ": -2198.4908062117515}