{"l_s_c_h_sum_MJ": 22106.24962921157, "l_s_c_c_sum_MJ": -1039.044586618705, "l_s_r_h_sum_MJ": 0.0, "l_s_r_c_sum_MJ": 0.0, "l_l_c_h_sum_MJ": 0.0, "l_l_c_c_sum_MJ": -47.30885533333463}