{"l_s_c_h_sum_MJ": 16034.452675805103, "l_s_c_c_sum_MJ": -1280.6514067813139, "l_s_r_h_sum_MJ": 0.0, "l_s_r_c_sum_MJ": 0.0, "l_l_c_h_sum_MJ": 0.0, "l_l_c_c_sum_MJ": -56.41832040116569}