{"l_s_c_h_sum_MJ": 32522.302047116347, "l_s_c_c_sum_MJ": -1653.4225656363658, "l_s_r_h_sum_MJ": 0.0, "l_s_r_c_sum_MJ": 0.0, "l_l_c_h_sum_MJ": 0.0, "l_l_c_c_sum_MJ": -85.85882809954911}