{"l_s_c_h_sum_MJ": 4664.594996439137, "l_s_c_c_sum_MJ": -24736.483979955297, "l_s_r_h_sum_MJ": 0.0, "l_s_r_c_sum_MJ": 0.0, "l_l_c_h_sum_MJ": 0.0, "l_l_c_c_sum_MJ": -7326.168820404166}