{"l_s_c_h_sum_MJ": 17598.894428187363, "l_s_c_c_sum_MJ": -826.5204648130771, "l_s_r_h_sum_MJ": 0.0, "l_s_r_c_sum_MJ": 0.0, "l_l_c_h_sum_MJ": 0.0, "l_l_c_c_sum_MJ": -27.475281874935995}