{"l_s_c_h_sum_MJ": 1599.4448539719758, "l_s_c_c_sum_MJ": -8112.21069872281, "l_s_r_h_sum_MJ": 0.0, "l_s_r_c_sum_MJ": 0.0, "l_l_c_h_sum_MJ": 0.0, "l_l_c_c_sum_MJ": -2550.251512236796}