{"l_s_c_h_sum_MJ": 645.5599683129825, "l_s_c_c_sum_MJ": -10391.27701461216, "l_s_r_h_sum_MJ": 0.0, "l_s_r_c_sum_MJ": 0.0, "l_l_c_h_sum_MJ": 0.0, "l_l_c_c_sum_MJ": -2868.4442540279088}