{"l_s_c_h_sum_MJ": 16090.994729458005, "l_s_c_c_sum_MJ": -5333.230482296788, "l_s_r_h_sum_MJ": 0.0, "l_s_r_c_sum_MJ": 0.0, "l_l_c_h_sum_MJ": 0.0, "l_l_c_c_sum_MJ": -964.8402546870018}