{"l_s_c_h_sum_MJ": 9150.085310294002, "l_s_c_c_sum_MJ": -3885.773800403, "l_s_r_h_sum_MJ": 0.0, "l_s_r_c_sum_MJ": 0.0, "l_l_c_h_sum_MJ": 0.0, "l_l_c_c_sum_MJ": -474.49727393826777}