{"l_s_c_h_sum_MJ": 16527.90080305488, "l_s_c_c_sum_MJ": -5165.8041088489235, "l_s_r_h_sum_MJ": 0.0, "l_s_r_c_sum_MJ": 0.0, "l_l_c_h_sum_MJ": 0.0, "l_l_c_c_sum_MJ": -945.1862658409609}