{"l_s_c_h_sum_MJ": 2725.6951878372734, "l_s_c_c_sum_MJ": -16245.895092690653, "l_s_r_h_sum_MJ": 0.0, "l_s_r_c_sum_MJ": 0.0, "l_l_c_h_sum_MJ": 0.0, "l_l_c_c_sum_MJ": -4381.30004697757}