{"l_s_c_h_sum_MJ": 17484.903520400785, "l_s_c_c_sum_MJ": -865.4933062856503, "l_s_r_h_sum_MJ": 0.0, "l_s_r_c_sum_MJ": 0.0, "l_l_c_h_sum_MJ": 0.0, "l_l_c_c_sum_MJ": -17.98801319907379}