{"l_s_c_h_sum_MJ": 1625.3288892240796, "l_s_c_c_sum_MJ": -7969.4060345302405, "l_s_r_h_sum_MJ": 0.0, "l_s_r_c_sum_MJ": 0.0, "l_l_c_h_sum_MJ": 0.0, "l_l_c_c_sum_MJ": -2507.7515725658686}