{"l_s_c_h_sum_MJ": 19251.24510189316, "l_s_c_c_sum_MJ": -1416.925608661818, "l_s_r_h_sum_MJ": 0.0, "l_s_r_c_sum_MJ": 0.0, "l_l_c_h_sum_MJ": 0.0, "l_l_c_c_sum_MJ": -69.87347954429117}