{"l_s_c_h_sum_MJ": 26300.454413931402, "l_s_c_c_sum_MJ": -8775.148120539512, "l_s_r_h_sum_MJ": 0.0, "l_s_r_c_sum_MJ": 0.0, "l_l_c_h_sum_MJ": 0.0, "l_l_c_c_sum_MJ": -1833.6504576076914}