{"l_s_c_h_sum_MJ": 18824.62853290166, "l_s_c_c_sum_MJ": -7701.882527663209, "l_s_r_h_sum_MJ": 0.0, "l_s_r_c_sum_MJ": 0.0, "l_l_c_h_sum_MJ": 0.0, "l_l_c_c_sum_MJ": -1493.271545635949}