{"l_s_c_h_sum_MJ": 10983.529096826336, "l_s_c_c_sum_MJ": -6189.558425029261, "l_s_r_h_sum_MJ": 0.0, "l_s_r_c_sum_MJ": 0.0, "l_l_c_h_sum_MJ": 0.0, "l_l_c_c_sum_MJ": -1006.9618012446736}