{"l_s_c_h_sum_MJ": 16024.500730407755, "l_s_c_c_sum_MJ": -5627.6377532195, "l_s_r_h_sum_MJ": 0.0, "l_s_r_c_sum_MJ": 0.0, "l_l_c_h_sum_MJ": 0.0, "l_l_c_c_sum_MJ": -1014.4164104924434}