{"l_s_c_h_sum_MJ": 19701.59508370527, "l_s_c_c_sum_MJ": -1260.2351071132605, "l_s_r_h_sum_MJ": 0.0, "l_s_r_c_sum_MJ": 0.0, "l_l_c_h_sum_MJ": 0.0, "l_l_c_c_sum_MJ": -59.78349048966523}