{"l_s_c_h_sum_MJ": 12952.903361656106, "l_s_c_c_sum_MJ": -624.6220469802001, "l_s_r_h_sum_MJ": 0.0, "l_s_r_c_sum_MJ": 0.0, "l_l_c_h_sum_MJ": 0.0, "l_l_c_c_sum_MJ": -6.507338433737485}