{"l_s_c_h_sum_MJ": 10846.57060507909, "l_s_c_c_sum_MJ": -4792.823318054576, "l_s_r_h_sum_MJ": 0.0, "l_s_r_c_sum_MJ": 0.0, "l_l_c_h_sum_MJ": 0.0, "l_l_c_c_sum_MJ": -644.6354181827621}