{"l_s_c_h_sum_MJ": 27043.677035603483, "l_s_c_c_sum_MJ": -8117.756075980428, "l_s_r_h_sum_MJ": 0.0, "l_s_r_c_sum_MJ": 0.0, "l_l_c_h_sum_MJ": 0.0, "l_l_c_c_sum_MJ": -1719.8593946305832}