{"l_s_c_h_sum_MJ": 38469.7654550876, "l_s_c_c_sum_MJ": -1011.3112513748111, "l_s_r_h_sum_MJ": 0.0, "l_s_r_c_sum_MJ": 0.0, "l_l_c_h_sum_MJ": 0.0, "l_l_c_c_sum_MJ": -44.22773996371372}