{"l_s_c_h_sum_MJ": 8832.024456037063, "l_s_c_c_sum_MJ": -4365.676077360786, "l_s_r_h_sum_MJ": 0.0, "l_s_r_c_sum_MJ": 0.0, "l_l_c_h_sum_MJ": 0.0, "l_l_c_c_sum_MJ": -528.8498332546518}