{"l_s_c_h_sum_MJ": 10001.417732258797, "l_s_c_c_sum_MJ": -8796.026029397703, "l_s_r_h_sum_MJ": 0.0, "l_s_r_c_sum_MJ": 0.0, "l_l_c_h_sum_MJ": 0.0, "l_l_c_c_sum_MJ": -1894.0157699774034}