{"l_s_c_h_sum_MJ": 566.1903152779621, "l_s_c_c_sum_MJ": -14832.480519696923, "l_s_r_h_sum_MJ": 0.0, "l_s_r_c_sum_MJ": 0.0, "l_l_c_h_sum_MJ": 0.0, "l_l_c_c_sum_MJ": -5535.825898632713}