{"l_s_c_h_sum_MJ": 18960.593546545777, "l_s_c_c_sum_MJ": -7354.226920467624, "l_s_r_h_sum_MJ": 0.0, "l_s_r_c_sum_MJ": 0.0, "l_l_c_h_sum_MJ": 0.0, "l_l_c_c_sum_MJ": -1634.9444420315303}