{"l_s_c_h_sum_MJ": 17164.968428078122, "l_s_c_c_sum_MJ": -9681.338267235971, "l_s_r_h_sum_MJ": 0.0, "l_s_r_c_sum_MJ": 0.0, "l_l_c_h_sum_MJ": 0.0, "l_l_c_c_sum_MJ": -2217.3043837193572}