{"l_s_c_h_sum_MJ": 10395.726973627425, "l_s_c_c_sum_MJ": -4080.7215377124917, "l_s_r_h_sum_MJ": 0.0, "l_s_r_c_sum_MJ": 0.0, "l_l_c_h_sum_MJ": 0.0, "l_l_c_c_sum_MJ": -501.5106755199429}