{"l_s_c_h_sum_MJ": 17615.428080263202, "l_s_c_c_sum_MJ": -8696.333405730371, "l_s_r_h_sum_MJ": 0.0, "l_s_r_c_sum_MJ": 0.0, "l_l_c_h_sum_MJ": 0.0, "l_l_c_c_sum_MJ": -2137.9946033358424}