{"l_s_c_h_sum_MJ": 21385.18599292289, "l_s_c_c_sum_MJ": -2453.190079969732, "l_s_r_h_sum_MJ": 0.0, "l_s_r_c_sum_MJ": 0.0, "l_l_c_h_sum_MJ": 0.0, "l_l_c_c_sum_MJ": -224.6240467028672}