{"l_s_c_h_sum_MJ": 1642.0592349390859, "l_s_c_c_sum_MJ": -12109.702653873941, "l_s_r_h_sum_MJ": 0.0, "l_s_r_c_sum_MJ": 0.0, "l_l_c_h_sum_MJ": 0.0, "l_l_c_c_sum_MJ": -3014.542065716268}