{"l_s_c_h_sum_MJ": 17488.744599071393, "l_s_c_c_sum_MJ": -8504.76167778867, "l_s_r_h_sum_MJ": 0.0, "l_s_r_c_sum_MJ": 0.0, "l_l_c_h_sum_MJ": 0.0, "l_l_c_c_sum_MJ": -1800.3122833134507}