{"l_s_c_h_sum_MJ": 2201.236992664004, "l_s_c_c_sum_MJ": -8064.88414589006, "l_s_r_h_sum_MJ": 0.0, "l_s_r_c_sum_MJ": 0.0, "l_l_c_h_sum_MJ": 0.0, "l_l_c_c_sum_MJ": -3010.5618926385023}