{"l_s_c_h_sum_MJ": 1716.1082240217995, "l_s_c_c_sum_MJ": -10824.429129562457, "l_s_r_h_sum_MJ": 0.0, "l_s_r_c_sum_MJ": 0.0, "l_l_c_h_sum_MJ": 0.0, "l_l_c_c_sum_MJ": -2674.995862458313}