{"l_s_c_h_sum_MJ": 1074.191041471017, "l_s_c_c_sum_MJ": -11872.55024371759, "l_s_r_h_sum_MJ": 0.0, "l_s_r_c_sum_MJ": 0.0, "l_l_c_h_sum_MJ": 0.0, "l_l_c_c_sum_MJ": -3866.812271729993}