{"l_s_c_h_sum_MJ": 1152.4868403913638, "l_s_c_c_sum_MJ": -10602.239377274602, "l_s_r_h_sum_MJ": 0.0, "l_s_r_c_sum_MJ": 0.0, "l_l_c_h_sum_MJ": 0.0, "l_l_c_c_sum_MJ": -3632.2555262014207}