{"l_s_c_h_sum_MJ": 9745.553799017836, "l_s_c_c_sum_MJ": -5061.459557327993, "l_s_r_h_sum_MJ": 0.0, "l_s_r_c_sum_MJ": 0.0, "l_l_c_h_sum_MJ": 0.0, "l_l_c_c_sum_MJ": -631.4173399872983}