{"l_s_c_h_sum_MJ": 2205.139307346215, "l_s_c_c_sum_MJ": -7686.503386792314, "l_s_r_h_sum_MJ": 0.0, "l_s_r_c_sum_MJ": 0.0, "l_l_c_h_sum_MJ": 0.0, "l_l_c_c_sum_MJ": -2866.584796325557}