{"l_s_c_h_sum_MJ": 393.5642116391919, "l_s_c_c_sum_MJ": -7341.13249537079, "l_s_r_h_sum_MJ": 0.0, "l_s_r_c_sum_MJ": 0.0, "l_l_c_h_sum_MJ": 0.0, "l_l_c_c_sum_MJ": -2834.5158486703326}