{"l_s_c_h_sum_MJ": 19095.63431680528, "l_s_c_c_sum_MJ": -9956.215387699402, "l_s_r_h_sum_MJ": 0.0, "l_s_r_c_sum_MJ": 0.0, "l_l_c_h_sum_MJ": 0.0, "l_l_c_c_sum_MJ": -2235.3238419692757}