{"l_s_c_h_sum_MJ": 16985.283776139702, "l_s_c_c_sum_MJ": -5845.553368726544, "l_s_r_h_sum_MJ": 0.0, "l_s_r_c_sum_MJ": 0.0, "l_l_c_h_sum_MJ": 0.0, "l_l_c_c_sum_MJ": -1293.6195655198242}