{"l_s_c_h_sum_MJ": 1024.856332670305, "l_s_c_c_sum_MJ": -7996.951885115599, "l_s_r_h_sum_MJ": 0.0, "l_s_r_c_sum_MJ": 0.0, "l_l_c_h_sum_MJ": 0.0, "l_l_c_c_sum_MJ": -2027.7316318294847}