{"l_s_c_h_sum_MJ": 1114.987468212897, "l_s_c_c_sum_MJ": -11692.397753031784, "l_s_r_h_sum_MJ": 0.0, "l_s_r_c_sum_MJ": 0.0, "l_l_c_h_sum_MJ": 0.0, "l_l_c_c_sum_MJ": -3883.37864614928}