{"l_s_c_h_sum_MJ": 397.37133028349064, "l_s_c_c_sum_MJ": -7015.136356633179, "l_s_r_h_sum_MJ": 0.0, "l_s_r_c_sum_MJ": 0.0, "l_l_c_h_sum_MJ": 0.0, "l_l_c_c_sum_MJ": -2707.947202490681}