{"l_s_c_h_sum_MJ": 1534.4953268495976, "l_s_c_c_sum_MJ": -5488.751945853053, "l_s_r_h_sum_MJ": 0.0, "l_s_r_c_sum_MJ": 0.0, "l_l_c_h_sum_MJ": 0.0, "l_l_c_c_sum_MJ": -2014.228671185855}