{"l_s_c_h_sum_MJ": 23429.776002385643, "l_s_c_c_sum_MJ": -1596.0332295121964, "l_s_r_h_sum_MJ": 0.0, "l_s_r_c_sum_MJ": 0.0, "l_l_c_h_sum_MJ": 0.0, "l_l_c_c_sum_MJ": -116.82619672119976}