{"l_s_c_h_sum_MJ": 2275.4610946404227, "l_s_c_c_sum_MJ": -7513.061561773955, "l_s_r_h_sum_MJ": 0.0, "l_s_r_c_sum_MJ": 0.0, "l_l_c_h_sum_MJ": 0.0, "l_l_c_c_sum_MJ": -2804.8007323377115}