{"l_s_c_h_sum_MJ": 39212.75166202329, "l_s_c_c_sum_MJ": -1132.8478846043083, "l_s_r_h_sum_MJ": 0.0, "l_s_r_c_sum_MJ": 0.0, "l_l_c_h_sum_MJ": 0.0, "l_l_c_c_sum_MJ": -70.20585505128845}