{"l_s_c_h_sum_MJ": 21608.457845309993, "l_s_c_c_sum_MJ": -1303.2668140966148, "l_s_r_h_sum_MJ": 0.0, "l_s_r_c_sum_MJ": 0.0, "l_l_c_h_sum_MJ": 0.0, "l_l_c_c_sum_MJ": -101.968198237178}