{"l_s_c_h_sum_MJ": 9048.298319994845, "l_s_c_c_sum_MJ": -5724.604047732092, "l_s_r_h_sum_MJ": 0.0, "l_s_r_c_sum_MJ": 0.0, "l_l_c_h_sum_MJ": 0.0, "l_l_c_c_sum_MJ": -1137.303738187701}