{"l_s_c_h_sum_MJ": 762.9362968264852, "l_s_c_c_sum_MJ": -9691.53379029479, "l_s_r_h_sum_MJ": 0.0, "l_s_r_c_sum_MJ": 0.0, "l_l_c_h_sum_MJ": 0.0, "l_l_c_c_sum_MJ": -2321.226080132206}