{"l_s_c_h_sum_MJ": 18310.217318467367, "l_s_c_c_sum_MJ": -2164.986047398375, "l_s_r_h_sum_MJ": 0.0, "l_s_r_c_sum_MJ": 0.0, "l_l_c_h_sum_MJ": 0.0, "l_l_c_c_sum_MJ": -176.36412971504754}