{"l_s_c_h_sum_MJ": 1584.7856233380514, "l_s_c_c_sum_MJ": -5204.509447694563, "l_s_r_h_sum_MJ": 0.0, "l_s_r_c_sum_MJ": 0.0, "l_l_c_h_sum_MJ": 0.0, "l_l_c_c_sum_MJ": -1886.9687083925915}