{"l_s_c_h_sum_MJ": 856.0842475401532, "l_s_c_c_sum_MJ": -10803.061826940793, "l_s_r_h_sum_MJ": 0.0, "l_s_r_c_sum_MJ": 0.0, "l_l_c_h_sum_MJ": 0.0, "l_l_c_c_sum_MJ": -2630.7551695368}