{"l_s_c_h_sum_MJ": 976.2296802849812, "l_s_c_c_sum_MJ": -8404.038863452366, "l_s_r_h_sum_MJ": 0.0, "l_s_r_c_sum_MJ": 0.0, "l_l_c_h_sum_MJ": 0.0, "l_l_c_c_sum_MJ": -3270.236236399741}