{"l_s_c_h_sum_MJ": 21505.169835320903, "l_s_c_c_sum_MJ": -2463.673843391773, "l_s_r_h_sum_MJ": 0.0, "l_s_r_c_sum_MJ": 0.0, "l_l_c_h_sum_MJ": 0.0, "l_l_c_c_sum_MJ": -203.52901713095542}