{"l_s_c_h_sum_MJ": 11745.415972986217, "l_s_c_c_sum_MJ": -8887.078561364944, "l_s_r_h_sum_MJ": 0.0, "l_s_r_c_sum_MJ": 0.0, "l_l_c_h_sum_MJ": 0.0, "l_l_c_c_sum_MJ": -1970.821349041161}