{"l_s_c_h_sum_MJ": 1542.6104462536548, "l_s_c_c_sum_MJ": -5328.134896994114, "l_s_r_h_sum_MJ": 0.0, "l_s_r_c_sum_MJ": 0.0, "l_l_c_h_sum_MJ": 0.0, "l_l_c_c_sum_MJ": -1942.8146325394098}