{"l_s_c_h_sum_MJ": 14633.972533252769, "l_s_c_c_sum_MJ": -5551.1729148209915, "l_s_r_h_sum_MJ": 0.0, "l_s_r_c_sum_MJ": 0.0, "l_l_c_h_sum_MJ": 0.0, "l_l_c_c_sum_MJ": -1333.299083740057}