{"l_s_c_h_sum_MJ": 36601.1626108102, "l_s_c_c_sum_MJ": -2029.306959437879, "l_s_r_h_sum_MJ": 0.0, "l_s_r_c_sum_MJ": 0.0, "l_l_c_h_sum_MJ": 0.0, "l_l_c_c_sum_MJ": -199.63437019740843}