{"l_s_c_h_sum_MJ": 35623.08557181128, "l_s_c_c_sum_MJ": -1131.7201520115032, "l_s_r_h_sum_MJ": 0.0, "l_s_r_c_sum_MJ": 0.0, "l_l_c_h_sum_MJ": 0.0, "l_l_c_c_sum_MJ": -66.33327070417045}