{"l_s_c_h_sum_MJ": 15682.88851705682, "l_s_c_c_sum_MJ": -4941.691933115569, "l_s_r_h_sum_MJ": 0.0, "l_s_r_c_sum_MJ": 0.0, "l_l_c_h_sum_MJ": 0.0, "l_l_c_c_sum_MJ": -708.6542276571093}