{"l_s_c_h_sum_MJ": 35747.147701014466, "l_s_c_c_sum_MJ": -1302.147326406539, "l_s_r_h_sum_MJ": 0.0, "l_s_r_c_sum_MJ": 0.0, "l_l_c_h_sum_MJ": 0.0, "l_l_c_c_sum_MJ": -88.34506875537026}