{"l_s_c_h_sum_MJ": 25827.983335203546, "l_s_c_c_sum_MJ": -980.0413540528513, "l_s_r_h_sum_MJ": 0.0, "l_s_r_c_sum_MJ": 0.0, "l_l_c_h_sum_MJ": 0.0, "l_l_c_c_sum_MJ": -57.670156898281476}