{"l_s_c_h_sum_MJ": 16049.845711328497, "l_s_c_c_sum_MJ": -6034.7786622120975, "l_s_r_h_sum_MJ": 0.0, "l_s_r_c_sum_MJ": 0.0, "l_l_c_h_sum_MJ": 0.0, "l_l_c_c_sum_MJ": -1494.4480162748105}