{"l_s_c_h_sum_MJ": 16615.961423917503, "l_s_c_c_sum_MJ": -2549.057752552817, "l_s_r_h_sum_MJ": 0.0, "l_s_r_c_sum_MJ": 0.0, "l_l_c_h_sum_MJ": 0.0, "l_l_c_c_sum_MJ": -214.61316461844922}