{"l_s_c_h_sum_MJ": 6051.975512068562, "l_s_c_c_sum_MJ": -22219.395196568134, "l_s_r_h_sum_MJ": 0.0, "l_s_r_c_sum_MJ": 0.0, "l_l_c_h_sum_MJ": 0.0, "l_l_c_c_sum_MJ": -8332.93564538274}