{"l_s_c_h_sum_MJ": 23286.98119824311, "l_s_c_c_sum_MJ": -1552.0491075570922, "l_s_r_h_sum_MJ": 0.0, "l_s_r_c_sum_MJ": 0.0, "l_l_c_h_sum_MJ": 0.0, "l_l_c_c_sum_MJ": -135.70565906873796}