{"l_s_c_h_sum_MJ": 18522.28122107902, "l_s_c_c_sum_MJ": -895.8908067171278, "l_s_r_h_sum_MJ": 0.0, "l_s_r_c_sum_MJ": 0.0, "l_l_c_h_sum_MJ": 0.0, "l_l_c_c_sum_MJ": -11.139920736525193}