{"l_s_c_h_sum_MJ": 3973.939100586984, "l_s_c_c_sum_MJ": -18156.041494369292, "l_s_r_h_sum_MJ": 0.0, "l_s_r_c_sum_MJ": 0.0, "l_l_c_h_sum_MJ": 0.0, "l_l_c_c_sum_MJ": -5907.647551813982}