{"l_s_c_h_sum_MJ": 6090.989870358483, "l_s_c_c_sum_MJ": -22732.403756670752, "l_s_r_h_sum_MJ": 0.0, "l_s_r_c_sum_MJ": 0.0, "l_l_c_h_sum_MJ": 0.0, "l_l_c_c_sum_MJ": -8599.07529401011}