{"l_s_c_h_sum_MJ": 38879.854307109985, "l_s_c_c_sum_MJ": -2109.2695390345384, "l_s_r_h_sum_MJ": 0.0, "l_s_r_c_sum_MJ": 0.0, "l_l_c_h_sum_MJ": 0.0, "l_l_c_c_sum_MJ": -246.3054165391735}