{"l_s_c_h_sum_MJ": 20784.39340112023, "l_s_c_c_sum_MJ": -754.8325505670354, "l_s_r_h_sum_MJ": 0.0, "l_s_r_c_sum_MJ": 0.0, "l_l_c_h_sum_MJ": 0.0, "l_l_c_c_sum_MJ": -8.494684635924044}