{"l_s_c_h_sum_MJ": 2907.1120074488113, "l_s_c_c_sum_MJ": -24807.8774661668, "l_s_r_h_sum_MJ": 0.0, "l_s_r_c_sum_MJ": 0.0, "l_l_c_h_sum_MJ": 0.0, "l_l_c_c_sum_MJ": -7703.7274273951}