{"l_s_c_h_sum_MJ": 18602.18124176256, "l_s_c_c_sum_MJ": -9438.196545077139, "l_s_r_h_sum_MJ": 0.0, "l_s_r_c_sum_MJ": 0.0, "l_l_c_h_sum_MJ": 0.0, "l_l_c_c_sum_MJ": -2259.8008182157837}