{"l_s_c_h_sum_MJ": 29784.19070323551, "l_s_c_c_sum_MJ": -2150.2194163226795, "l_s_r_h_sum_MJ": 0.0, "l_s_r_c_sum_MJ": 0.0, "l_l_c_h_sum_MJ": 0.0, "l_l_c_c_sum_MJ": -229.72551167161805}