{"l_s_c_h_sum_MJ": 117.16717907254647, "l_s_c_c_sum_MJ": -18067.97499855628, "l_s_r_h_sum_MJ": 0.0, "l_s_r_c_sum_MJ": 0.0, "l_l_c_h_sum_MJ": 0.0, "l_l_c_c_sum_MJ": -5681.498516703144}