{"l_s_c_h_sum_MJ": 17332.134970036226, "l_s_c_c_sum_MJ": -8993.098210798775, "l_s_r_h_sum_MJ": 0.0, "l_s_r_c_sum_MJ": 0.0, "l_l_c_h_sum_MJ": 0.0, "l_l_c_c_sum_MJ": -1910.5896279309854}