{"l_s_c_h_sum_MJ": 21895.449158310763, "l_s_c_c_sum_MJ": -1578.2665993637304, "l_s_r_h_sum_MJ": 0.0, "l_s_r_c_sum_MJ": 0.0, "l_l_c_h_sum_MJ": 0.0, "l_l_c_c_sum_MJ": -107.74793475890608}