{"l_s_c_h_sum_MJ": 3045.2125643278055, "l_s_c_c_sum_MJ": -22345.967979265002, "l_s_r_h_sum_MJ": 0.0, "l_s_r_c_sum_MJ": 0.0, "l_l_c_h_sum_MJ": 0.0, "l_l_c_c_sum_MJ": -7252.328360314384}