{"l_s_c_h_sum_MJ": 37909.02900479471, "l_s_c_c_sum_MJ": -1945.1936132377568, "l_s_r_h_sum_MJ": 0.0, "l_s_r_c_sum_MJ": 0.0, "l_l_c_h_sum_MJ": 0.0, "l_l_c_c_sum_MJ": -141.30230793520823}