{"l_s_c_h_sum_MJ": 12608.878773864999, "l_s_c_c_sum_MJ": -8387.968338258825, "l_s_r_h_sum_MJ": 0.0, "l_s_r_c_sum_MJ": 0.0, "l_l_c_h_sum_MJ": 0.0, "l_l_c_c_sum_MJ": -1691.2604621582184}