{"l_s_c_h_sum_MJ": 19902.979993939745, "l_s_c_c_sum_MJ": -10670.564147861243, "l_s_r_h_sum_MJ": 0.0, "l_s_r_c_sum_MJ": 0.0, "l_l_c_h_sum_MJ": 0.0, "l_l_c_c_sum_MJ": -2347.920845230007}