{"l_s_c_h_sum_MJ": 17689.002228452537, "l_s_c_c_sum_MJ": -4638.585535739742, "l_s_r_h_sum_MJ": 0.0, "l_s_r_c_sum_MJ": 0.0, "l_l_c_h_sum_MJ": 0.0, "l_l_c_c_sum_MJ": -674.2487525330919}