{"l_s_c_h_sum_MJ": 32655.53150120381, "l_s_c_c_sum_MJ": -8627.150875895642, "l_s_r_h_sum_MJ": 0.0, "l_s_r_c_sum_MJ": 0.0, "l_l_c_h_sum_MJ": 0.0, "l_l_c_c_sum_MJ": -2231.719297046614}