{"l_s_c_h_sum_MJ": 13739.715028028153, "l_s_c_c_sum_MJ": -1045.4773190036901, "l_s_r_h_sum_MJ": 0.0, "l_s_r_c_sum_MJ": 0.0, "l_l_c_h_sum_MJ": 0.0, "l_l_c_c_sum_MJ": -10.471250190304634}