{"l_s_c_h_sum_MJ": 843.7388790445293, "l_s_c_c_sum_MJ": -9053.578612066272, "l_s_r_h_sum_MJ": 0.0, "l_s_r_c_sum_MJ": 0.0, "l_l_c_h_sum_MJ": 0.0, "l_l_c_c_sum_MJ": -2241.0965972147155}