{"l_s_c_h_sum_MJ": 15290.88120013178, "l_s_c_c_sum_MJ": -9596.229987397905, "l_s_r_h_sum_MJ": 0.0, "l_s_r_c_sum_MJ": 0.0, "l_l_c_h_sum_MJ": 0.0, "l_l_c_c_sum_MJ": -2153.027207451591}