{"l_s_c_h_sum_MJ": 32786.73133601748, "l_s_c_c_sum_MJ": -1203.6123136186511, "l_s_r_h_sum_MJ": 0.0, "l_s_r_c_sum_MJ": 0.0, "l_l_c_h_sum_MJ": 0.0, "l_l_c_c_sum_MJ": -111.09032837264175}