{"l_s_c_h_sum_MJ": 8522.286554460346, "l_s_c_c_sum_MJ": -5369.996642839222, "l_s_r_h_sum_MJ": 0.0, "l_s_r_c_sum_MJ": 0.0, "l_l_c_h_sum_MJ": 0.0, "l_l_c_c_sum_MJ": -1194.465132838564}