{"l_s_c_h_sum_MJ": 13471.484321238444, "l_s_c_c_sum_MJ": -4200.835314907704, "l_s_r_h_sum_MJ": 0.0, "l_s_r_c_sum_MJ": 0.0, "l_l_c_h_sum_MJ": 0.0, "l_l_c_c_sum_MJ": -563.0554390791925}