{"l_s_c_h_sum_MJ": 19548.76981056286, "l_s_c_c_sum_MJ": -1434.8337540859848, "l_s_r_h_sum_MJ": 0.0, "l_s_r_c_sum_MJ": 0.0, "l_l_c_h_sum_MJ": 0.0, "l_l_c_c_sum_MJ": -109.1986088061707}