{"l_s_c_h_sum_MJ": 24057.276521051757, "l_s_c_c_sum_MJ": -963.2572128705209, "l_s_r_h_sum_MJ": 0.0, "l_s_r_c_sum_MJ": 0.0, "l_l_c_h_sum_MJ": 0.0, "l_l_c_c_sum_MJ": -53.585069189169594}