{"l_s_c_h_sum_MJ": 18962.442342526705, "l_s_c_c_sum_MJ": -8228.489295585821, "l_s_r_h_sum_MJ": 0.0, "l_s_r_c_sum_MJ": 0.0, "l_l_c_h_sum_MJ": 0.0, "l_l_c_c_sum_MJ": -1762.2310103475}