{"l_s_c_h_sum_MJ": 21485.5715595628, "l_s_c_c_sum_MJ": -1547.015922590678, "l_s_r_h_sum_MJ": 0.0, "l_s_r_c_sum_MJ": 0.0, "l_l_c_h_sum_MJ": 0.0, "l_l_c_c_sum_MJ": -129.4485101143017}