{"l_s_c_h_sum_MJ": 13877.579196311617, "l_s_c_c_sum_MJ": -971.6442976742339, "l_s_r_h_sum_MJ": 0.0, "l_s_r_c_sum_MJ": 0.0, "l_l_c_h_sum_MJ": 0.0, "l_l_c_c_sum_MJ": -9.912242225638275}