{"l_s_c_h_sum_MJ": 41677.38253503155, "l_s_c_c_sum_MJ": -685.8437470850832, "l_s_r_h_sum_MJ": 0.0, "l_s_r_c_sum_MJ": 0.0, "l_l_c_h_sum_MJ": 0.0, "l_l_c_c_sum_MJ": -37.026937841434346}