{"l_s_c_h_sum_MJ": 21523.076848567693, "l_s_c_c_sum_MJ": -499.1727350642732, "l_s_r_h_sum_MJ": 0.0, "l_s_r_c_sum_MJ": 0.0, "l_l_c_h_sum_MJ": 0.0, "l_l_c_c_sum_MJ": -3.8070024322095866}