{"l_s_c_h_sum_MJ": 19725.557454356862, "l_s_c_c_sum_MJ": -9560.0241890345, "l_s_r_h_sum_MJ": 0.0, "l_s_r_c_sum_MJ": 0.0, "l_l_c_h_sum_MJ": 0.0, "l_l_c_c_sum_MJ": -2410.456770452657}