{"l_s_c_h_sum_MJ": 12891.379111304259, "l_s_c_c_sum_MJ": -5226.845456784736, "l_s_r_h_sum_MJ": 0.0, "l_s_r_c_sum_MJ": 0.0, "l_l_c_h_sum_MJ": 0.0, "l_l_c_c_sum_MJ": -687.5107554144104}