{"l_s_c_h_sum_MJ": 1537.7469615503142, "l_s_c_c_sum_MJ": -16729.574566231862, "l_s_r_h_sum_MJ": 0.0, "l_s_r_c_sum_MJ": 0.0, "l_l_c_h_sum_MJ": 0.0, "l_l_c_c_sum_MJ": -6009.064549970257}