{"l_s_c_h_sum_MJ": 16650.367015520398, "l_s_c_c_sum_MJ": -5093.72991441904, "l_s_r_h_sum_MJ": 0.0, "l_s_r_c_sum_MJ": 0.0, "l_l_c_h_sum_MJ": 0.0, "l_l_c_c_sum_MJ": -1233.8235809851237}