{"l_s_c_h_sum_MJ": 943.2862797430076, "l_s_c_c_sum_MJ": -8132.058962471991, "l_s_r_h_sum_MJ": 0.0, "l_s_r_c_sum_MJ": 0.0, "l_l_c_h_sum_MJ": 0.0, "l_l_c_c_sum_MJ": -3102.2934704040977}