{"l_s_c_h_sum_MJ": 11297.466778435404, "l_s_c_c_sum_MJ": -8821.789120043559, "l_s_r_h_sum_MJ": 0.0, "l_s_r_c_sum_MJ": 0.0, "l_l_c_h_sum_MJ": 0.0, "l_l_c_c_sum_MJ": -1715.0603863584863}