{"l_s_c_h_sum_MJ": 31091.621408907402, "l_s_c_c_sum_MJ": -1293.40846373374, "l_s_r_h_sum_MJ": 0.0, "l_s_r_c_sum_MJ": 0.0, "l_l_c_h_sum_MJ": 0.0, "l_l_c_c_sum_MJ": -79.59128914138829}