{"l_s_c_h_sum_MJ": 25967.028353666334, "l_s_c_c_sum_MJ": -9491.7976416902, "l_s_r_h_sum_MJ": 0.0, "l_s_r_c_sum_MJ": 0.0, "l_l_c_h_sum_MJ": 0.0, "l_l_c_c_sum_MJ": -2460.7077656937972}