{"l_s_c_h_sum_MJ": 37808.77012598478, "l_s_c_c_sum_MJ": -1191.8548980457906, "l_s_r_h_sum_MJ": 0.0, "l_s_r_c_sum_MJ": 0.0, "l_l_c_h_sum_MJ": 0.0, "l_l_c_c_sum_MJ": -105.09988448913678}