{"l_s_c_h_sum_MJ": 6133.28869863312, "l_s_c_c_sum_MJ": -23358.087972416615, "l_s_r_h_sum_MJ": 0.0, "l_s_r_c_sum_MJ": 0.0, "l_l_c_h_sum_MJ": 0.0, "l_l_c_c_sum_MJ": -8639.306151073639}