{"l_s_c_h_sum_MJ": 2949.350176806475, "l_s_c_c_sum_MJ": -23316.682861793255, "l_s_r_h_sum_MJ": 0.0, "l_s_r_c_sum_MJ": 0.0, "l_l_c_h_sum_MJ": 0.0, "l_l_c_c_sum_MJ": -7432.688043727042}