{"l_s_c_h_sum_MJ": 9911.053068931322, "l_s_c_c_sum_MJ": -4999.42628107347, "l_s_r_h_sum_MJ": 0.0, "l_s_r_c_sum_MJ": 0.0, "l_l_c_h_sum_MJ": 0.0, "l_l_c_c_sum_MJ": -607.1962618280483}