{"l_s_c_h_sum_MJ": 1573.8795101548312, "l_s_c_c_sum_MJ": -5367.707517242274, "l_s_r_h_sum_MJ": 0.0, "l_s_r_c_sum_MJ": 0.0, "l_l_c_h_sum_MJ": 0.0, "l_l_c_c_sum_MJ": -1955.6845142672487}