{"l_s_c_h_sum_MJ": 515.3058070755623, "l_s_c_c_sum_MJ": -18318.899596659998, "l_s_r_h_sum_MJ": 0.0, "l_s_r_c_sum_MJ": 0.0, "l_l_c_h_sum_MJ": 0.0, "l_l_c_c_sum_MJ": -6703.298292198902}