{"l_s_c_h_sum_MJ": 1498.3800698019954, "l_s_c_c_sum_MJ": -15242.835544265128, "l_s_r_h_sum_MJ": 0.0, "l_s_r_c_sum_MJ": 0.0, "l_l_c_h_sum_MJ": 0.0, "l_l_c_c_sum_MJ": -5420.739491139925}