{"l_s_c_h_sum_MJ": 9038.291558157332, "l_s_c_c_sum_MJ": -5422.949255997924, "l_s_r_h_sum_MJ": 0.0, "l_s_r_c_sum_MJ": 0.0, "l_l_c_h_sum_MJ": 0.0, "l_l_c_c_sum_MJ": -1079.3352397534652}