{"l_s_c_h_sum_MJ": 1854.155577890364, "l_s_c_c_sum_MJ": -11751.594012350173, "l_s_r_h_sum_MJ": 0.0, "l_s_r_c_sum_MJ": 0.0, "l_l_c_h_sum_MJ": 0.0, "l_l_c_c_sum_MJ": -2898.8475499387646}