{"l_s_c_h_sum_MJ": 17560.62546354785, "l_s_c_c_sum_MJ": -720.0303978265914, "l_s_r_h_sum_MJ": 0.0, "l_s_r_c_sum_MJ": 0.0, "l_l_c_h_sum_MJ": 0.0, "l_l_c_c_sum_MJ": -11.65141525609645}