{"l_s_c_h_sum_MJ": 1071.3992024829463, "l_s_c_c_sum_MJ": -12715.664591770927, "l_s_r_h_sum_MJ": 0.0, "l_s_r_c_sum_MJ": 0.0, "l_l_c_h_sum_MJ": 0.0, "l_l_c_c_sum_MJ": -4228.246287489621}