{"l_s_c_h_sum_MJ": 9754.503561661688, "l_s_c_c_sum_MJ": -4900.448773597794, "l_s_r_h_sum_MJ": 0.0, "l_s_r_c_sum_MJ": 0.0, "l_l_c_h_sum_MJ": 0.0, "l_l_c_c_sum_MJ": -1095.733208180993}