{"l_s_c_h_sum_MJ": 9723.983605451047, "l_s_c_c_sum_MJ": -5542.919669752125, "l_s_r_h_sum_MJ": 0.0, "l_s_r_c_sum_MJ": 0.0, "l_l_c_h_sum_MJ": 0.0, "l_l_c_c_sum_MJ": -1248.779201831217}