{"l_s_c_h_sum_MJ": 34310.18142733624, "l_s_c_c_sum_MJ": -2209.3877034289726, "l_s_r_h_sum_MJ": 0.0, "l_s_r_c_sum_MJ": 0.0, "l_l_c_h_sum_MJ": 0.0, "l_l_c_c_sum_MJ": -252.5791888224553}