{"l_s_c_h_sum_MJ": 36546.44706798775, "l_s_c_c_sum_MJ": -1076.4994812455577, "l_s_r_h_sum_MJ": 0.0, "l_s_r_c_sum_MJ": 0.0, "l_l_c_h_sum_MJ": 0.0, "l_l_c_c_sum_MJ": -71.50547341265123}