{"l_s_c_h_sum_MJ": 12066.343251791379, "l_s_c_c_sum_MJ": -824.9367288515272, "l_s_r_h_sum_MJ": 0.0, "l_s_r_c_sum_MJ": 0.0, "l_l_c_h_sum_MJ": 0.0, "l_l_c_c_sum_MJ": -10.898100184634457}