{"l_s_c_h_sum_MJ": 15503.319622935538, "l_s_c_c_sum_MJ": -1476.3254009222824, "l_s_r_h_sum_MJ": 0.0, "l_s_r_c_sum_MJ": 0.0, "l_l_c_h_sum_MJ": 0.0, "l_l_c_c_sum_MJ": -68.48553127945814}