{"l_s_c_h_sum_MJ": 19613.98705480609, "l_s_c_c_sum_MJ": -6989.885045951216, "l_s_r_h_sum_MJ": 0.0, "l_s_r_c_sum_MJ": 0.0, "l_l_c_h_sum_MJ": 0.0, "l_l_c_c_sum_MJ": -1335.9572466087586}