{"l_s_c_h_sum_MJ": 777.5554053169685, "l_s_c_c_sum_MJ": -15800.385002584015, "l_s_r_h_sum_MJ": 0.0, "l_s_r_c_sum_MJ": 0.0, "l_l_c_h_sum_MJ": 0.0, "l_l_c_c_sum_MJ": -4256.61467748741}