{"l_s_c_h_sum_MJ": 24086.69694804012, "l_s_c_c_sum_MJ": -1044.5197428500026, "l_s_r_h_sum_MJ": 0.0, "l_s_r_c_sum_MJ": 0.0, "l_l_c_h_sum_MJ": 0.0, "l_l_c_c_sum_MJ": -59.56636046108984}