{"l_s_c_h_sum_MJ": 23969.752885196336, "l_s_c_c_sum_MJ": -1205.2840377315024, "l_s_r_h_sum_MJ": 0.0, "l_s_r_c_sum_MJ": 0.0, "l_l_c_h_sum_MJ": 0.0, "l_l_c_c_sum_MJ": -38.86189932461557}