{"l_s_c_h_sum_MJ": 28974.48984398727, "l_s_c_c_sum_MJ": -1423.268908057834, "l_s_r_h_sum_MJ": 0.0, "l_s_r_c_sum_MJ": 0.0, "l_l_c_h_sum_MJ": 0.0, "l_l_c_c_sum_MJ": -92.25531352303308}