{"l_s_c_h_sum_MJ": 5023.868381290678, "l_s_c_c_sum_MJ": -26523.614139299767, "l_s_r_h_sum_MJ": 0.0, "l_s_r_c_sum_MJ": 0.0, "l_l_c_h_sum_MJ": 0.0, "l_l_c_c_sum_MJ": -8046.719227819242}