{"l_s_c_h_sum_MJ": 19146.6900627012, "l_s_c_c_sum_MJ": -7791.136846394262, "l_s_r_h_sum_MJ": 0.0, "l_s_r_c_sum_MJ": 0.0, "l_l_c_h_sum_MJ": 0.0, "l_l_c_c_sum_MJ": -1449.438122623066}