{"l_s_c_h_sum_MJ": 17742.789983739596, "l_s_c_c_sum_MJ": -1355.214053883099, "l_s_r_h_sum_MJ": 0.0, "l_s_r_c_sum_MJ": 0.0, "l_l_c_h_sum_MJ": 0.0, "l_l_c_c_sum_MJ": -63.13881103663392}