{"l_s_c_h_sum_MJ": 16872.864379863266, "l_s_c_c_sum_MJ": -1019.8722271505001, "l_s_r_h_sum_MJ": 0.0, "l_s_r_c_sum_MJ": 0.0, "l_l_c_h_sum_MJ": 0.0, "l_l_c_c_sum_MJ": -39.60073204628918}