{"l_s_c_h_sum_MJ": 22790.512606138407, "l_s_c_c_sum_MJ": -1631.3789679778347, "l_s_r_h_sum_MJ": 0.0, "l_s_r_c_sum_MJ": 0.0, "l_l_c_h_sum_MJ": 0.0, "l_l_c_c_sum_MJ": -100.32184812627439}