{"l_s_c_h_sum_MJ": 3711.9784997386723, "l_s_c_c_sum_MJ": -25878.999846565588, "l_s_r_h_sum_MJ": 0.0, "l_s_r_c_sum_MJ": 0.0, "l_l_c_h_sum_MJ": 0.0, "l_l_c_c_sum_MJ": -6467.6773430926405}