{"l_s_c_h_sum_MJ": 25009.795251198022, "l_s_c_c_sum_MJ": -952.4298632855692, "l_s_r_h_sum_MJ": 0.0, "l_s_r_c_sum_MJ": 0.0, "l_l_c_h_sum_MJ": 0.0, "l_l_c_c_sum_MJ": -26.006766058588493}