{"l_s_c_h_sum_MJ": 26781.599997604582, "l_s_c_c_sum_MJ": -7809.53636764549, "l_s_r_h_sum_MJ": 0.0, "l_s_r_c_sum_MJ": 0.0, "l_l_c_h_sum_MJ": 0.0, "l_l_c_c_sum_MJ": -1655.3497420676076}