{"l_s_c_h_sum_MJ": 22370.057732716436, "l_s_c_c_sum_MJ": -1871.58940246864, "l_s_r_h_sum_MJ": 0.0, "l_s_r_c_sum_MJ": 0.0, "l_l_c_h_sum_MJ": 0.0, "l_l_c_c_sum_MJ": -116.86722000519498}