{"l_s_c_h_sum_MJ": 1254.0679607255395, "l_s_c_c_sum_MJ": -7849.360888204407, "l_s_r_h_sum_MJ": 0.0, "l_s_r_c_sum_MJ": 0.0, "l_l_c_h_sum_MJ": 0.0, "l_l_c_c_sum_MJ": -2781.428181629065}