{"l_s_c_h_sum_MJ": 19517.887752847182, "l_s_c_c_sum_MJ": -503.70000189476184, "l_s_r_h_sum_MJ": 0.0, "l_s_r_c_sum_MJ": 0.0, "l_l_c_h_sum_MJ": 0.0, "l_l_c_c_sum_MJ": -6.768834648420711}