{"l_s_c_h_sum_MJ": 10646.095835401258, "l_s_c_c_sum_MJ": -4618.72287369435, "l_s_r_h_sum_MJ": 0.0, "l_s_r_c_sum_MJ": 0.0, "l_l_c_h_sum_MJ": 0.0, "l_l_c_c_sum_MJ": -743.4011201209684}