{"l_s_c_h_sum_MJ": 3651.3880073320684, "l_s_c_c_sum_MJ": -27624.68882551949, "l_s_r_h_sum_MJ": 0.0, "l_s_r_c_sum_MJ": 0.0, "l_l_c_h_sum_MJ": 0.0, "l_l_c_c_sum_MJ": -6757.736554853523}