{"l_s_c_h_sum_MJ": 2279.5278843970073, "l_s_c_c_sum_MJ": -6642.6115381691725, "l_s_r_h_sum_MJ": 0.0, "l_s_r_c_sum_MJ": 0.0, "l_l_c_h_sum_MJ": 0.0, "l_l_c_c_sum_MJ": -2137.645710343699}