{"l_s_c_h_sum_MJ": 9545.041614943655, "l_s_c_c_sum_MJ": -5678.158350704829, "l_s_r_h_sum_MJ": 0.0, "l_s_r_c_sum_MJ": 0.0, "l_l_c_h_sum_MJ": 0.0, "l_l_c_c_sum_MJ": -894.212282841874}