{"l_s_c_h_sum_MJ": 12757.590351962004, "l_s_c_c_sum_MJ": -5418.967045739837, "l_s_r_h_sum_MJ": 0.0, "l_s_r_c_sum_MJ": 0.0, "l_l_c_h_sum_MJ": 0.0, "l_l_c_c_sum_MJ": -926.0632102418456}