{"l_s_c_h_sum_MJ": 35255.09787101652, "l_s_c_c_sum_MJ": -1517.353436719707, "l_s_r_h_sum_MJ": 0.0, "l_s_r_c_sum_MJ": 0.0, "l_l_c_h_sum_MJ": 0.0, "l_l_c_c_sum_MJ": -109.53582080537487}