{"l_s_c_h_sum_MJ": 26068.165106884942, "l_s_c_c_sum_MJ": -1957.2084713539866, "l_s_r_h_sum_MJ": 0.0, "l_s_r_c_sum_MJ": 0.0, "l_l_c_h_sum_MJ": 0.0, "l_l_c_c_sum_MJ": -129.0912625211419}