{"l_s_c_h_sum_MJ": 17252.808124495048, "l_s_c_c_sum_MJ": -4340.745195907975, "l_s_r_h_sum_MJ": 0.0, "l_s_r_c_sum_MJ": 0.0, "l_l_c_h_sum_MJ": 0.0, "l_l_c_c_sum_MJ": -806.6708317528328}