{"l_s_c_h_sum_MJ": 5286.3417301345025, "l_s_c_c_sum_MJ": -21649.62688413853, "l_s_r_h_sum_MJ": 0.0, "l_s_r_c_sum_MJ": 0.0, "l_l_c_h_sum_MJ": 0.0, "l_l_c_c_sum_MJ": -6722.8645729521795}