{"l_s_c_h_sum_MJ": 33487.44644756332, "l_s_c_c_sum_MJ": -1051.116124041394, "l_s_r_h_sum_MJ": 0.0, "l_s_r_c_sum_MJ": 0.0, "l_l_c_h_sum_MJ": 0.0, "l_l_c_c_sum_MJ": -66.48028436537133}