{"l_s_c_h_sum_MJ": 14251.950084641641, "l_s_c_c_sum_MJ": -5513.5389791934795, "l_s_r_h_sum_MJ": 0.0, "l_s_r_c_sum_MJ": 0.0, "l_l_c_h_sum_MJ": 0.0, "l_l_c_c_sum_MJ": -1198.0241107285385}