{"l_s_c_h_sum_MJ": 15247.018747074238, "l_s_c_c_sum_MJ": -889.9405309945226, "l_s_r_h_sum_MJ": 0.0, "l_s_r_c_sum_MJ": 0.0, "l_l_c_h_sum_MJ": 0.0, "l_l_c_c_sum_MJ": -29.3652229960745}