{"l_s_c_h_sum_MJ": 1112.327018832471, "l_s_c_c_sum_MJ": -8186.385613098107, "l_s_r_h_sum_MJ": 0.0, "l_s_r_c_sum_MJ": 0.0, "l_l_c_h_sum_MJ": 0.0, "l_l_c_c_sum_MJ": -2375.0519837246866}