{"l_s_c_h_sum_MJ": 26500.62188727464, "l_s_c_c_sum_MJ": -1706.9765067940302, "l_s_r_h_sum_MJ": 0.0, "l_s_r_c_sum_MJ": 0.0, "l_l_c_h_sum_MJ": 0.0, "l_l_c_c_sum_MJ": -110.42103390718589}