{"l_s_c_h_sum_MJ": 25570.761875617613, "l_s_c_c_sum_MJ": -8588.362187193945, "l_s_r_h_sum_MJ": 0.0, "l_s_r_c_sum_MJ": 0.0, "l_l_c_h_sum_MJ": 0.0, "l_l_c_c_sum_MJ": -1970.1422490144444}