{"l_s_c_h_sum_MJ": 10105.393888581415, "l_s_c_c_sum_MJ": -5107.161974869646, "l_s_r_h_sum_MJ": 0.0, "l_s_r_c_sum_MJ": 0.0, "l_l_c_h_sum_MJ": 0.0, "l_l_c_c_sum_MJ": -814.0812589335303}