{"l_s_c_h_sum_MJ": 13269.69804340196, "l_s_c_c_sum_MJ": -8174.578472829542, "l_s_r_h_sum_MJ": 0.0, "l_s_r_c_sum_MJ": 0.0, "l_l_c_h_sum_MJ": 0.0, "l_l_c_c_sum_MJ": -1424.0028983796158}