{"l_s_c_h_sum_MJ": 14701.081146110371, "l_s_c_c_sum_MJ": -5438.094303452612, "l_s_r_h_sum_MJ": 0.0, "l_s_r_c_sum_MJ": 0.0, "l_l_c_h_sum_MJ": 0.0, "l_l_c_c_sum_MJ": -800.1491269218687}