{"l_s_c_h_sum_MJ": 1005.3318218761024, "l_s_c_c_sum_MJ": -9170.108041960204, "l_s_r_h_sum_MJ": 0.0, "l_s_r_c_sum_MJ": 0.0, "l_l_c_h_sum_MJ": 0.0, "l_l_c_c_sum_MJ": -2613.2468142879716}