{"l_s_c_h_sum_MJ": 3667.1313340055344, "l_s_c_c_sum_MJ": -27159.13154970453, "l_s_r_h_sum_MJ": 0.0, "l_s_r_c_sum_MJ": 0.0, "l_l_c_h_sum_MJ": 0.0, "l_l_c_c_sum_MJ": -6682.107926503602}