{"l_s_c_h_sum_MJ": 37430.28828908624, "l_s_c_c_sum_MJ": -850.64221042943, "l_s_r_h_sum_MJ": 0.0, "l_s_r_c_sum_MJ": 0.0, "l_l_c_h_sum_MJ": 0.0, "l_l_c_c_sum_MJ": -53.092931761721566}