{"l_s_c_h_sum_MJ": 13372.369191962063, "l_s_c_c_sum_MJ": -7922.981272745344, "l_s_r_h_sum_MJ": 0.0, "l_s_r_c_sum_MJ": 0.0, "l_l_c_h_sum_MJ": 0.0, "l_l_c_c_sum_MJ": -1391.307178898305}