{"l_s_c_h_sum_MJ": 14490.151943039717, "l_s_c_c_sum_MJ": -5549.263957827509, "l_s_r_h_sum_MJ": 0.0, "l_s_r_c_sum_MJ": 0.0, "l_l_c_h_sum_MJ": 0.0, "l_l_c_c_sum_MJ": -815.6391885579186}