{"l_s_c_h_sum_MJ": 27172.484503152074, "l_s_c_c_sum_MJ": -1383.908395425216, "l_s_r_h_sum_MJ": 0.0, "l_s_r_c_sum_MJ": 0.0, "l_l_c_h_sum_MJ": 0.0, "l_l_c_c_sum_MJ": -54.88830592660959}