{"l_s_c_h_sum_MJ": 805.2427863777164, "l_s_c_c_sum_MJ": -8334.806791083098, "l_s_r_h_sum_MJ": 0.0, "l_s_r_c_sum_MJ": 0.0, "l_l_c_h_sum_MJ": 0.0, "l_l_c_c_sum_MJ": -2092.5999792804}