{"l_s_c_h_sum_MJ": 27228.71228002354, "l_s_c_c_sum_MJ": -1356.6080675056087, "l_s_r_h_sum_MJ": 0.0, "l_s_r_c_sum_MJ": 0.0, "l_l_c_h_sum_MJ": 0.0, "l_l_c_c_sum_MJ": -85.37231332298502}