{"l_s_c_h_sum_MJ": 31164.18321421972, "l_s_c_c_sum_MJ": -1310.9084131567722, "l_s_r_h_sum_MJ": 0.0, "l_s_r_c_sum_MJ": 0.0, "l_l_c_h_sum_MJ": 0.0, "l_l_c_c_sum_MJ": -56.23456155285869}