{"l_s_c_h_sum_MJ": 1153.6862179827044, "l_s_c_c_sum_MJ": -6988.057192473987, "l_s_r_h_sum_MJ": 0.0, "l_s_r_c_sum_MJ": 0.0, "l_l_c_h_sum_MJ": 0.0, "l_l_c_c_sum_MJ": -2215.4581563300917}