{"l_s_c_h_sum_MJ": 14247.850191756817, "l_s_c_c_sum_MJ": -6294.424091127563, "l_s_r_h_sum_MJ": 0.0, "l_s_r_c_sum_MJ": 0.0, "l_l_c_h_sum_MJ": 0.0, "l_l_c_c_sum_MJ": -1166.3750857512239}