{"l_s_c_h_sum_MJ": 5358.159543988232, "l_s_c_c_sum_MJ": -21085.95827012557, "l_s_r_h_sum_MJ": 0.0, "l_s_r_c_sum_MJ": 0.0, "l_l_c_h_sum_MJ": 0.0, "l_l_c_c_sum_MJ": -6599.412640491245}