{"l_s_c_h_sum_MJ": 796.614766770405, "l_s_c_c_sum_MJ": -15067.057410605083, "l_s_r_h_sum_MJ": 0.0, "l_s_r_c_sum_MJ": 0.0, "l_l_c_h_sum_MJ": 0.0, "l_l_c_c_sum_MJ": -4104.8251660749265}