{"l_s_c_h_sum_MJ": 32141.147648978695, "l_s_c_c_sum_MJ": -1526.3319485604065, "l_s_r_h_sum_MJ": 0.0, "l_s_r_c_sum_MJ": 0.0, "l_l_c_h_sum_MJ": 0.0, "l_l_c_c_sum_MJ": -105.57339170234145}