{"l_s_c_h_sum_MJ": 1260.389487050524, "l_s_c_c_sum_MJ": -7778.636028125527, "l_s_r_h_sum_MJ": 0.0, "l_s_r_c_sum_MJ": 0.0, "l_l_c_h_sum_MJ": 0.0, "l_l_c_c_sum_MJ": -2758.6896270952816}