{"l_s_c_h_sum_MJ": 24416.644381811766, "l_s_c_c_sum_MJ": -1949.87821763, "l_s_r_h_sum_MJ": 0.0, "l_s_r_c_sum_MJ": 0.0, "l_l_c_h_sum_MJ": 0.0, "l_l_c_c_sum_MJ": -126.01020267820084}