{"l_s_c_h_sum_MJ": 969.9380856719129, "l_s_c_c_sum_MJ": -9538.019813631838, "l_s_r_h_sum_MJ": 0.0, "l_s_r_c_sum_MJ": 0.0, "l_l_c_h_sum_MJ": 0.0, "l_l_c_c_sum_MJ": -2699.4587282505877}