{"l_s_c_h_sum_MJ": 1178.6425155566515, "l_s_c_c_sum_MJ": -6677.77215701166, "l_s_r_h_sum_MJ": 0.0, "l_s_r_c_sum_MJ": 0.0, "l_l_c_h_sum_MJ": 0.0, "l_l_c_c_sum_MJ": -2134.050864032702}