{"l_s_c_h_sum_MJ": 1176.1564383686316, "l_s_c_c_sum_MJ": -14071.01780038375, "l_s_r_h_sum_MJ": 0.0, "l_s_r_c_sum_MJ": 0.0, "l_l_c_h_sum_MJ": 0.0, "l_l_c_c_sum_MJ": -4199.973517530705}