{"l_s_c_h_sum_MJ": 1152.9102935163742, "l_s_c_c_sum_MJ": -6997.747062922288, "l_s_r_h_sum_MJ": 0.0, "l_s_r_c_sum_MJ": 0.0, "l_l_c_h_sum_MJ": 0.0, "l_l_c_c_sum_MJ": -2218.026001149767}