{"l_s_c_h_sum_MJ": 14296.69831894739, "l_s_c_c_sum_MJ": -5456.068491927538, "l_s_r_h_sum_MJ": 0.0, "l_s_r_c_sum_MJ": 0.0, "l_l_c_h_sum_MJ": 0.0, "l_l_c_c_sum_MJ": -1185.982562899664}