{"l_s_c_h_sum_MJ": 18648.9634443726, "l_s_c_c_sum_MJ": -8885.539855892204, "l_s_r_h_sum_MJ": 0.0, "l_s_r_c_sum_MJ": 0.0, "l_l_c_h_sum_MJ": 0.0, "l_l_c_c_sum_MJ": -1592.4810153100439}