{"l_s_c_h_sum_MJ": 3150.788530888664, "l_s_c_c_sum_MJ": -14599.640378949462, "l_s_r_h_sum_MJ": 0.0, "l_s_r_c_sum_MJ": 0.0, "l_l_c_h_sum_MJ": 0.0, "l_l_c_c_sum_MJ": -4119.577264538011}