{"l_s_c_h_sum_MJ": 5001.622693770465, "l_s_c_c_sum_MJ": -26945.64834275697, "l_s_r_h_sum_MJ": 0.0, "l_s_r_c_sum_MJ": 0.0, "l_l_c_h_sum_MJ": 0.0, "l_l_c_c_sum_MJ": -8134.684501284241}