{"l_s_c_h_sum_MJ": 10943.032468014095, "l_s_c_c_sum_MJ": -5300.228651911074, "l_s_r_h_sum_MJ": 0.0, "l_s_r_c_sum_MJ": 0.0, "l_l_c_h_sum_MJ": 0.0, "l_l_c_c_sum_MJ": -957.7108690786462}