{"l_s_c_h_sum_MJ": 7808.76213436344, "l_s_c_c_sum_MJ": -3915.004187168467, "l_s_r_h_sum_MJ": 0.0, "l_s_r_c_sum_MJ": 0.0, "l_l_c_h_sum_MJ": 0.0, "l_l_c_c_sum_MJ": -577.731579819876}