{"l_s_c_h_sum_MJ": 17845.522665623605, "l_s_c_c_sum_MJ": -787.2220322095122, "l_s_r_h_sum_MJ": 0.0, "l_s_r_c_sum_MJ": 0.0, "l_l_c_h_sum_MJ": 0.0, "l_l_c_c_sum_MJ": -15.515949589244133}