{"l_s_c_h_sum_MJ": 30370.940538537165, "l_s_c_c_sum_MJ": -1506.1996360999105, "l_s_r_h_sum_MJ": 0.0, "l_s_r_c_sum_MJ": 0.0, "l_l_c_h_sum_MJ": 0.0, "l_l_c_c_sum_MJ": -69.97033138723016}