{"l_s_c_h_sum_MJ": 26865.147929453695, "l_s_c_c_sum_MJ": -7719.844005018983, "l_s_r_h_sum_MJ": 0.0, "l_s_r_c_sum_MJ": 0.0, "l_l_c_h_sum_MJ": 0.0, "l_l_c_c_sum_MJ": -1638.6096626384633}