{"l_s_c_h_sum_MJ": 30263.846456502255, "l_s_c_c_sum_MJ": -975.6932832737325, "l_s_r_h_sum_MJ": 0.0, "l_s_r_c_sum_MJ": 0.0, "l_l_c_h_sum_MJ": 0.0, "l_l_c_c_sum_MJ": -57.650925229879974}