{"l_s_c_h_sum_MJ": 11455.140422442515, "l_s_c_c_sum_MJ": -4462.896751899879, "l_s_r_h_sum_MJ": 0.0, "l_s_r_c_sum_MJ": 0.0, "l_l_c_h_sum_MJ": 0.0, "l_l_c_c_sum_MJ": -600.2614140932586}