{"l_s_c_h_sum_MJ": 1393.9918794580512, "l_s_c_c_sum_MJ": -11860.252167547398, "l_s_r_h_sum_MJ": 0.0, "l_s_r_c_sum_MJ": 0.0, "l_l_c_h_sum_MJ": 0.0, "l_l_c_c_sum_MJ": -3629.2643273671288}