{"l_s_c_h_sum_MJ": 11290.222807030168, "l_s_c_c_sum_MJ": -4854.4983458750485, "l_s_r_h_sum_MJ": 0.0, "l_s_r_c_sum_MJ": 0.0, "l_l_c_h_sum_MJ": 0.0, "l_l_c_c_sum_MJ": -884.7488618522004}