{"l_s_c_h_sum_MJ": 7869.212927098148, "l_s_c_c_sum_MJ": -4617.146259836056, "l_s_r_h_sum_MJ": 0.0, "l_s_r_c_sum_MJ": 0.0, "l_l_c_h_sum_MJ": 0.0, "l_l_c_c_sum_MJ": -565.8077775954057}