{"l_s_c_h_sum_MJ": 18478.40493710605, "l_s_c_c_sum_MJ": -7196.364145532695, "l_s_r_h_sum_MJ": 0.0, "l_s_r_c_sum_MJ": 0.0, "l_l_c_h_sum_MJ": 0.0, "l_l_c_c_sum_MJ": -1614.713915304209}