{"l_s_c_h_sum_MJ": 25604.561384725912, "l_s_c_c_sum_MJ": -1323.818780926957, "l_s_r_h_sum_MJ": 0.0, "l_s_r_c_sum_MJ": 0.0, "l_l_c_h_sum_MJ": 0.0, "l_l_c_c_sum_MJ": -81.34134201913893}