{"l_s_c_h_sum_MJ": 11018.750694789345, "l_s_c_c_sum_MJ": -5191.631075781006, "l_s_r_h_sum_MJ": 0.0, "l_s_r_c_sum_MJ": 0.0, "l_l_c_h_sum_MJ": 0.0, "l_l_c_c_sum_MJ": -940.2353449549126}