{"l_s_c_h_sum_MJ": 1273.2736246561758, "l_s_c_c_sum_MJ": -7637.578962756105, "l_s_r_h_sum_MJ": 0.0, "l_s_r_c_sum_MJ": 0.0, "l_l_c_h_sum_MJ": 0.0, "l_l_c_c_sum_MJ": -2712.674011376873}