{"l_s_c_h_sum_MJ": 26294.89607619982, "l_s_c_c_sum_MJ": -1061.5607259981662, "l_s_r_h_sum_MJ": 0.0, "l_s_r_c_sum_MJ": 0.0, "l_l_c_h_sum_MJ": 0.0, "l_l_c_c_sum_MJ": -62.70638442302373}