{"l_s_c_h_sum_MJ": 806.5553242825692, "l_s_c_c_sum_MJ": -16754.488666205027, "l_s_r_h_sum_MJ": 0.0, "l_s_r_c_sum_MJ": 0.0, "l_l_c_h_sum_MJ": 0.0, "l_l_c_c_sum_MJ": -5315.706161123705}