{"l_s_c_h_sum_MJ": 839.858829499332, "l_s_c_c_sum_MJ": -15915.878514715043, "l_s_r_h_sum_MJ": 0.0, "l_s_r_c_sum_MJ": 0.0, "l_l_c_h_sum_MJ": 0.0, "l_l_c_c_sum_MJ": -5115.705167309154}