{"l_s_c_h_sum_MJ": 24862.35443079285, "l_s_c_c_sum_MJ": -1688.6110276502036, "l_s_r_h_sum_MJ": 0.0, "l_s_r_c_sum_MJ": 0.0, "l_l_c_h_sum_MJ": 0.0, "l_l_c_c_sum_MJ": -107.03109575964666}