{"l_s_c_h_sum_MJ": 413.7926536424626, "l_s_c_c_sum_MJ": -11526.057615243495, "l_s_r_h_sum_MJ": 0.0, "l_s_r_c_sum_MJ": 0.0, "l_l_c_h_sum_MJ": 0.0, "l_l_c_c_sum_MJ": -2731.7511326523795}