{"l_s_c_h_sum_MJ": 798.4820429077906, "l_s_c_c_sum_MJ": -14994.563142739711, "l_s_r_h_sum_MJ": 0.0, "l_s_r_c_sum_MJ": 0.0, "l_l_c_h_sum_MJ": 0.0, "l_l_c_c_sum_MJ": -4090.078042363197}