{"l_s_c_h_sum_MJ": 1158.2937869226853, "l_s_c_c_sum_MJ": -6929.000150200199, "l_s_r_h_sum_MJ": 0.0, "l_s_r_c_sum_MJ": 0.0, "l_l_c_h_sum_MJ": 0.0, "l_l_c_c_sum_MJ": -2199.988068440641}