{"l_s_c_h_sum_MJ": 1734.672437474668, "l_s_c_c_sum_MJ": -4418.292568735031, "l_s_r_h_sum_MJ": 0.0, "l_s_r_c_sum_MJ": 0.0, "l_l_c_h_sum_MJ": 0.0, "l_l_c_c_sum_MJ": -1365.135643076318}