{"l_s_c_h_sum_MJ": 17855.3986129103, "l_s_c_c_sum_MJ": -8159.779236558988, "l_s_r_h_sum_MJ": 0.0, "l_s_r_c_sum_MJ": 0.0, "l_l_c_h_sum_MJ": 0.0, "l_l_c_c_sum_MJ": -1789.6900509379873}