{"l_s_c_h_sum_MJ": 17692.382508846924, "l_s_c_c_sum_MJ": -6546.355629977211, "l_s_r_h_sum_MJ": 0.0, "l_s_r_c_sum_MJ": 0.0, "l_l_c_h_sum_MJ": 0.0, "l_l_c_c_sum_MJ": -1240.0439078837924}