{"l_s_c_h_sum_MJ": 3339.7221192982133, "l_s_c_c_sum_MJ": -12792.28599653528, "l_s_r_h_sum_MJ": 0.0, "l_s_r_c_sum_MJ": 0.0, "l_l_c_h_sum_MJ": 0.0, "l_l_c_c_sum_MJ": -3436.815434896471}