{"l_s_c_h_sum_MJ": 1736.0720384374356, "l_s_c_c_sum_MJ": -4412.718915025446, "l_s_r_h_sum_MJ": 0.0, "l_s_r_c_sum_MJ": 0.0, "l_l_c_h_sum_MJ": 0.0, "l_l_c_c_sum_MJ": -1363.4440205771757}