{"l_s_c_h_sum_MJ": 19030.182510824052, "l_s_c_c_sum_MJ": -6525.697256509933, "l_s_r_h_sum_MJ": 0.0, "l_s_r_c_sum_MJ": 0.0, "l_l_c_h_sum_MJ": 0.0, "l_l_c_c_sum_MJ": -1485.3070547973343}