{"l_s_c_h_sum_MJ": 34401.89930319965, "l_s_c_c_sum_MJ": -818.6341984214417, "l_s_r_h_sum_MJ": 0.0, "l_s_r_c_sum_MJ": 0.0, "l_l_c_h_sum_MJ": 0.0, "l_l_c_c_sum_MJ": -47.63549773097135}