{"l_s_c_h_sum_MJ": 505.0669527337391, "l_s_c_c_sum_MJ": -10553.244830846957, "l_s_r_h_sum_MJ": 0.0, "l_s_r_c_sum_MJ": 0.0, "l_l_c_h_sum_MJ": 0.0, "l_l_c_c_sum_MJ": -2542.125309797101}