{"l_s_c_h_sum_MJ": 7910.627452355224, "l_s_c_c_sum_MJ": -4589.190618312748, "l_s_r_h_sum_MJ": 0.0, "l_s_r_c_sum_MJ": 0.0, "l_l_c_h_sum_MJ": 0.0, "l_l_c_c_sum_MJ": -562.5473241066517}