{"l_s_c_h_sum_MJ": 1233.1253545067539, "l_s_c_c_sum_MJ": -13428.478669189744, "l_s_r_h_sum_MJ": 0.0, "l_s_r_c_sum_MJ": 0.0, "l_l_c_h_sum_MJ": 0.0, "l_l_c_c_sum_MJ": -4038.4985999922465}