{"l_s_c_h_sum_MJ": 25533.600902547118, "l_s_c_c_sum_MJ": -8700.021160876562, "l_s_r_h_sum_MJ": 0.0, "l_s_r_c_sum_MJ": 0.0, "l_l_c_h_sum_MJ": 0.0, "l_l_c_c_sum_MJ": -1989.7741971112266}