{"l_s_c_h_sum_MJ": 29588.424586362442, "l_s_c_c_sum_MJ": -1191.6627041839986, "l_s_r_h_sum_MJ": 0.0, "l_s_r_c_sum_MJ": 0.0, "l_l_c_h_sum_MJ": 0.0, "l_l_c_c_sum_MJ": -73.64084521790288}