{"l_s_c_h_sum_MJ": 31089.601992163, "l_s_c_c_sum_MJ": -760.5822711996448, "l_s_r_h_sum_MJ": 0.0, "l_s_r_c_sum_MJ": 0.0, "l_l_c_h_sum_MJ": 0.0, "l_l_c_c_sum_MJ": -40.473989222163326}