{"l_s_c_h_sum_MJ": 845.1774413584924, "l_s_c_c_sum_MJ": -13375.798044580055, "l_s_r_h_sum_MJ": 0.0, "l_s_r_c_sum_MJ": 0.0, "l_l_c_h_sum_MJ": 0.0, "l_l_c_c_sum_MJ": -3746.9881677064222}