{"l_s_c_h_sum_MJ": 837.3937284265687, "l_s_c_c_sum_MJ": -16008.392738014138, "l_s_r_h_sum_MJ": 0.0, "l_s_r_c_sum_MJ": 0.0, "l_l_c_h_sum_MJ": 0.0, "l_l_c_c_sum_MJ": -5137.583553166455}