{"l_s_c_h_sum_MJ": 867.3897292528109, "l_s_c_c_sum_MJ": -7999.827641274374, "l_s_r_h_sum_MJ": 0.0, "l_s_r_c_sum_MJ": 0.0, "l_l_c_h_sum_MJ": 0.0, "l_l_c_c_sum_MJ": -2020.3938118032593}