{"l_s_c_h_sum_MJ": 17950.69278063852, "l_s_c_c_sum_MJ": -7975.690103476337, "l_s_r_h_sum_MJ": 0.0, "l_s_r_c_sum_MJ": 0.0, "l_l_c_h_sum_MJ": 0.0, "l_l_c_c_sum_MJ": -1757.0800289644378}