{"l_s_c_h_sum_MJ": 27900.788909529965, "l_s_c_c_sum_MJ": -1095.12799140772, "l_s_r_h_sum_MJ": 0.0, "l_s_r_c_sum_MJ": 0.0, "l_l_c_h_sum_MJ": 0.0, "l_l_c_c_sum_MJ": -66.83354752226852}