{"l_s_c_h_sum_MJ": 13803.965678053108, "l_s_c_c_sum_MJ": -7040.912540135721, "l_s_r_h_sum_MJ": 0.0, "l_s_r_c_sum_MJ": 0.0, "l_l_c_h_sum_MJ": 0.0, "l_l_c_c_sum_MJ": -1273.4347326175866}