{"l_s_c_h_sum_MJ": 32036.43880056806, "l_s_c_c_sum_MJ": -1100.7075394709586, "l_s_r_h_sum_MJ": 0.0, "l_s_r_c_sum_MJ": 0.0, "l_l_c_h_sum_MJ": 0.0, "l_l_c_c_sum_MJ": -43.384457717145324}