{"l_s_c_h_sum_MJ": 26627.803803341478, "l_s_c_c_sum_MJ": -7196.556300484255, "l_s_r_h_sum_MJ": 0.0, "l_s_r_c_sum_MJ": 0.0, "l_l_c_h_sum_MJ": 0.0, "l_l_c_c_sum_MJ": -1715.286082894593}