{"l_s_c_h_sum_MJ": 9386.931642218171, "l_s_c_c_sum_MJ": -5866.371889426912, "l_s_r_h_sum_MJ": 0.0, "l_s_r_c_sum_MJ": 0.0, "l_l_c_h_sum_MJ": 0.0, "l_l_c_c_sum_MJ": -919.5942644869518}