{"l_s_c_h_sum_MJ": 3229.5607861743338, "l_s_c_c_sum_MJ": -13912.90766860986, "l_s_r_h_sum_MJ": 0.0, "l_s_r_c_sum_MJ": 0.0, "l_l_c_h_sum_MJ": 0.0, "l_l_c_c_sum_MJ": -3979.5762569101057}