{"l_s_c_h_sum_MJ": 1240.8849903477187, "l_s_c_c_sum_MJ": -8000.805617248122, "l_s_r_h_sum_MJ": 0.0, "l_s_r_c_sum_MJ": 0.0, "l_l_c_h_sum_MJ": 0.0, "l_l_c_c_sum_MJ": -2830.9071628731595}