{"l_s_c_h_sum_MJ": 18757.634712728814, "l_s_c_c_sum_MJ": -8589.759785866356, "l_s_r_h_sum_MJ": 0.0, "l_s_r_c_sum_MJ": 0.0, "l_l_c_h_sum_MJ": 0.0, "l_l_c_c_sum_MJ": -1554.5880767749102}