{"l_s_c_h_sum_MJ": 14647.627996412833, "l_s_c_c_sum_MJ": -5098.75574070068, "l_s_r_h_sum_MJ": 0.0, "l_s_r_c_sum_MJ": 0.0, "l_l_c_h_sum_MJ": 0.0, "l_l_c_c_sum_MJ": -1112.5470844868987}