{"l_s_c_h_sum_MJ": 22325.205378912287, "l_s_c_c_sum_MJ": -1681.5472931091333, "l_s_r_h_sum_MJ": 0.0, "l_s_r_c_sum_MJ": 0.0, "l_l_c_h_sum_MJ": 0.0, "l_l_c_c_sum_MJ": -65.37949965870759}