{"l_s_c_h_sum_MJ": 14974.441328007299, "l_s_c_c_sum_MJ": -4809.190993987088, "l_s_r_h_sum_MJ": 0.0, "l_s_r_c_sum_MJ": 0.0, "l_l_c_h_sum_MJ": 0.0, "l_l_c_c_sum_MJ": -1050.369307903472}