{"l_s_c_h_sum_MJ": 26095.150070426716, "l_s_c_c_sum_MJ": -7815.3085811005385, "l_s_r_h_sum_MJ": 0.0, "l_s_r_c_sum_MJ": 0.0, "l_l_c_h_sum_MJ": 0.0, "l_l_c_c_sum_MJ": -1832.963622798439}