{"l_s_c_h_sum_MJ": 23492.68986541773, "l_s_c_c_sum_MJ": -1282.6724224946388, "l_s_r_h_sum_MJ": 0.0, "l_s_r_c_sum_MJ": 0.0, "l_l_c_h_sum_MJ": 0.0, "l_l_c_c_sum_MJ": -76.07099354756454}