{"l_s_c_h_sum_MJ": 15478.223120927794, "l_s_c_c_sum_MJ": -5032.91908017032, "l_s_r_h_sum_MJ": 0.0, "l_s_r_c_sum_MJ": 0.0, "l_l_c_h_sum_MJ": 0.0, "l_l_c_c_sum_MJ": -743.3873678133681}