{"l_s_c_h_sum_MJ": 1241.5433192053315, "l_s_c_c_sum_MJ": -13337.851099587782, "l_s_r_h_sum_MJ": 0.0, "l_s_r_c_sum_MJ": 0.0, "l_l_c_h_sum_MJ": 0.0, "l_l_c_c_sum_MJ": -4015.3905254858873}