{"l_s_c_h_sum_MJ": 32762.30023017928, "l_s_c_c_sum_MJ": -1284.5294734208157, "l_s_r_h_sum_MJ": 0.0, "l_s_r_c_sum_MJ": 0.0, "l_l_c_h_sum_MJ": 0.0, "l_l_c_c_sum_MJ": -85.23872454857602}