{"l_s_c_h_sum_MJ": 26353.514657605003, "l_s_c_c_sum_MJ": -1606.4705283258884, "l_s_r_h_sum_MJ": 0.0, "l_s_r_c_sum_MJ": 0.0, "l_l_c_h_sum_MJ": 0.0, "l_l_c_c_sum_MJ": -69.34152615720022}