{"l_s_c_h_sum_MJ": 5038.5040444940205, "l_s_c_c_sum_MJ": -26247.32658314963, "l_s_r_h_sum_MJ": 0.0, "l_s_r_c_sum_MJ": 0.0, "l_l_c_h_sum_MJ": 0.0, "l_l_c_c_sum_MJ": -7988.74770251212}