{"l_s_c_h_sum_MJ": 5102.537902334473, "l_s_c_c_sum_MJ": -25057.6787737091, "l_s_r_h_sum_MJ": 0.0, "l_s_r_c_sum_MJ": 0.0, "l_l_c_h_sum_MJ": 0.0, "l_l_c_c_sum_MJ": -7739.356120889432}