{"l_s_c_h_sum_MJ": 33085.41357858375, "l_s_c_c_sum_MJ": -882.794939163517, "l_s_r_h_sum_MJ": 0.0, "l_s_r_c_sum_MJ": 0.0, "l_l_c_h_sum_MJ": 0.0, "l_l_c_c_sum_MJ": -30.14551226911789}