{"l_s_c_h_sum_MJ": 10756.814104923462, "l_s_c_c_sum_MJ": -4841.200957217681, "l_s_r_h_sum_MJ": 0.0, "l_s_r_c_sum_MJ": 0.0, "l_l_c_h_sum_MJ": 0.0, "l_l_c_c_sum_MJ": -651.2223016252375}