{"l_s_c_h_sum_MJ": 11607.291526177512, "l_s_c_c_sum_MJ": -4499.327082207503, "l_s_r_h_sum_MJ": 0.0, "l_s_r_c_sum_MJ": 0.0, "l_l_c_h_sum_MJ": 0.0, "l_l_c_c_sum_MJ": -826.6359430127369}