{"l_s_c_h_sum_MJ": 3629.688268388972, "l_s_c_c_sum_MJ": -28259.28611040543, "l_s_r_h_sum_MJ": 0.0, "l_s_r_c_sum_MJ": 0.0, "l_l_c_h_sum_MJ": 0.0, "l_l_c_c_sum_MJ": -6861.314659491216}