{"l_s_c_h_sum_MJ": 899.511571774429, "l_s_c_c_sum_MJ": -14124.37165322752, "l_s_r_h_sum_MJ": 0.0, "l_s_r_c_sum_MJ": 0.0, "l_l_c_h_sum_MJ": 0.0, "l_l_c_c_sum_MJ": -4644.853996939327}