{"l_s_c_h_sum_MJ": 22122.035678015054, "l_s_c_c_sum_MJ": -8270.478983909916, "l_s_r_h_sum_MJ": 0.0, "l_s_r_c_sum_MJ": 0.0, "l_l_c_h_sum_MJ": 0.0, "l_l_c_c_sum_MJ": -1991.9110731540154}