{"l_s_c_h_sum_MJ": 149.0832581031992, "l_s_c_c_sum_MJ": -16867.080341665107, "l_s_r_h_sum_MJ": 0.0, "l_s_r_c_sum_MJ": 0.0, "l_l_c_h_sum_MJ": 0.0, "l_l_c_c_sum_MJ": -5532.53269104206}