{"l_s_c_h_sum_MJ": 1074.0670578931674, "l_s_c_c_sum_MJ": -7392.409616386095, "l_s_r_h_sum_MJ": 0.0, "l_s_r_c_sum_MJ": 0.0, "l_l_c_h_sum_MJ": 0.0, "l_l_c_c_sum_MJ": -1861.8171275043255}