{"l_s_c_h_sum_MJ": 10062.595794872908, "l_s_c_c_sum_MJ": -4826.041034698148, "l_s_r_h_sum_MJ": 0.0, "l_s_r_c_sum_MJ": 0.0, "l_l_c_h_sum_MJ": 0.0, "l_l_c_c_sum_MJ": -975.1064087006494}