{"l_s_c_h_sum_MJ": 28164.008729777746, "l_s_c_c_sum_MJ": -10371.61569960711, "l_s_r_h_sum_MJ": 0.0, "l_s_r_c_sum_MJ": 0.0, "l_l_c_h_sum_MJ": 0.0, "l_l_c_c_sum_MJ": -2723.582940950608}