{"l_s_c_h_sum_MJ": 15574.336535860804, "l_s_c_c_sum_MJ": -6893.156604412016, "l_s_r_h_sum_MJ": 0.0, "l_s_r_c_sum_MJ": 0.0, "l_l_c_h_sum_MJ": 0.0, "l_l_c_c_sum_MJ": -1463.3515427193272}