{"l_s_c_h_sum_MJ": 21961.80250005391, "l_s_c_c_sum_MJ": -897.8696343066708, "l_s_r_h_sum_MJ": 0.0, "l_s_r_c_sum_MJ": 0.0, "l_l_c_h_sum_MJ": 0.0, "l_l_c_c_sum_MJ": -46.27526404735063}