{"l_s_c_h_sum_MJ": 25453.43808890067, "l_s_c_c_sum_MJ": -1404.5609734954242, "l_s_r_h_sum_MJ": 0.0, "l_s_r_c_sum_MJ": 0.0, "l_l_c_h_sum_MJ": 0.0, "l_l_c_c_sum_MJ": -120.54450613247558}