{"l_s_c_h_sum_MJ": 458.2512725873254, "l_s_c_c_sum_MJ": -17315.278379063766, "l_s_r_h_sum_MJ": 0.0, "l_s_r_c_sum_MJ": 0.0, "l_l_c_h_sum_MJ": 0.0, "l_l_c_c_sum_MJ": -6017.0517477446865}