{"l_s_c_h_sum_MJ": 1781.5388755633776, "l_s_c_c_sum_MJ": -10334.763483838278, "l_s_r_h_sum_MJ": 0.0, "l_s_r_c_sum_MJ": 0.0, "l_l_c_h_sum_MJ": 0.0, "l_l_c_c_sum_MJ": -2587.5927488156167}