{"l_s_c_h_sum_MJ": 147.62790786158115, "l_s_c_c_sum_MJ": -14928.082321761192, "l_s_r_h_sum_MJ": 0.0, "l_s_r_c_sum_MJ": 0.0, "l_l_c_h_sum_MJ": 0.0, "l_l_c_c_sum_MJ": -4992.120360545935}