{"l_s_c_h_sum_MJ": 369.96453639462936, "l_s_c_c_sum_MJ": -7455.5132546331615, "l_s_r_h_sum_MJ": 0.0, "l_s_r_c_sum_MJ": 0.0, "l_l_c_h_sum_MJ": 0.0, "l_l_c_c_sum_MJ": -2849.8215181715486}