{"l_s_c_h_sum_MJ": 16830.22453095341, "l_s_c_c_sum_MJ": -2591.9977971162443, "l_s_r_h_sum_MJ": 0.0, "l_s_r_c_sum_MJ": 0.0, "l_l_c_h_sum_MJ": 0.0, "l_l_c_c_sum_MJ": -194.0074715985029}