{"l_s_c_h_sum_MJ": 10194.090107459344, "l_s_c_c_sum_MJ": -9430.58861309778, "l_s_r_h_sum_MJ": 0.0, "l_s_r_c_sum_MJ": 0.0, "l_l_c_h_sum_MJ": 0.0, "l_l_c_c_sum_MJ": -1994.3307260958406}