{"l_s_c_h_sum_MJ": 23173.36485184152, "l_s_c_c_sum_MJ": -2067.8707905411115, "l_s_r_h_sum_MJ": 0.0, "l_s_r_c_sum_MJ": 0.0, "l_l_c_h_sum_MJ": 0.0, "l_l_c_c_sum_MJ": -183.43974927664868}