{"l_s_c_h_sum_MJ": 29301.893090071175, "l_s_c_c_sum_MJ": -10081.270964030315, "l_s_r_h_sum_MJ": 0.0, "l_s_r_c_sum_MJ": 0.0, "l_l_c_h_sum_MJ": 0.0, "l_l_c_c_sum_MJ": -2464.587383602067}