{"l_s_c_h_sum_MJ": 18574.107870486132, "l_s_c_c_sum_MJ": -1666.3140774250874, "l_s_r_h_sum_MJ": 0.0, "l_s_r_c_sum_MJ": 0.0, "l_l_c_h_sum_MJ": 0.0, "l_l_c_c_sum_MJ": -108.96115647646113}