{"l_s_c_h_sum_MJ": 12620.723453355427, "l_s_c_c_sum_MJ": -5331.790877216927, "l_s_r_h_sum_MJ": 0.0, "l_s_r_c_sum_MJ": 0.0, "l_l_c_h_sum_MJ": 0.0, "l_l_c_c_sum_MJ": -722.6944384535346}