{"l_s_c_h_sum_MJ": 940.5224371243881, "l_s_c_c_sum_MJ": -8522.833150180084, "l_s_r_h_sum_MJ": 0.0, "l_s_r_c_sum_MJ": 0.0, "l_l_c_h_sum_MJ": 0.0, "l_l_c_c_sum_MJ": -3242.575585948412}