{"l_s_c_h_sum_MJ": 17038.025383196, "l_s_c_c_sum_MJ": -5657.188668389827, "l_s_r_h_sum_MJ": 0.0, "l_s_r_c_sum_MJ": 0.0, "l_l_c_h_sum_MJ": 0.0, "l_l_c_c_sum_MJ": -795.6453774730682}