{"l_s_c_h_sum_MJ": 1678.310246098379, "l_s_c_c_sum_MJ": -13214.075258228238, "l_s_r_h_sum_MJ": 0.0, "l_s_r_c_sum_MJ": 0.0, "l_l_c_h_sum_MJ": 0.0, "l_l_c_c_sum_MJ": -4994.949634706459}