{"l_s_c_h_sum_MJ": 21007.216080912098, "l_s_c_c_sum_MJ": -10660.630387125315, "l_s_r_h_sum_MJ": 0.0, "l_s_r_c_sum_MJ": 0.0, "l_l_c_h_sum_MJ": 0.0, "l_l_c_c_sum_MJ": -2510.077982887218}