{"l_s_c_h_sum_MJ": 11635.769842853248, "l_s_c_c_sum_MJ": -4510.093765772577, "l_s_r_h_sum_MJ": 0.0, "l_s_r_c_sum_MJ": 0.0, "l_l_c_h_sum_MJ": 0.0, "l_l_c_c_sum_MJ": -595.7589929232564}