{"l_s_c_h_sum_MJ": 7628.933737367836, "l_s_c_c_sum_MJ": -20039.876050745766, "l_s_r_h_sum_MJ": 0.0, "l_s_r_c_sum_MJ": 0.0, "l_l_c_h_sum_MJ": 0.0, "l_l_c_c_sum_MJ": -7871.596611421693}