{"l_s_c_h_sum_MJ": 15254.085836446957, "l_s_c_c_sum_MJ": -5960.918219050224, "l_s_r_h_sum_MJ": 0.0, "l_s_r_c_sum_MJ": 0.0, "l_l_c_h_sum_MJ": 0.0, "l_l_c_c_sum_MJ": -1396.0135090266344}