{"l_s_c_h_sum_MJ": 40150.19356855779, "l_s_c_c_sum_MJ": -1305.0817854893833, "l_s_r_h_sum_MJ": 0.0, "l_s_r_c_sum_MJ": 0.0, "l_l_c_h_sum_MJ": 0.0, "l_l_c_c_sum_MJ": -136.05515732474439}