{"l_s_c_h_sum_MJ": 371.54155390438035, "l_s_c_c_sum_MJ": -7184.0717875377995, "l_s_r_h_sum_MJ": 0.0, "l_s_r_c_sum_MJ": 0.0, "l_l_c_h_sum_MJ": 0.0, "l_l_c_c_sum_MJ": -2769.2919582982463}