{"l_s_c_h_sum_MJ": 15399.701785980846, "l_s_c_c_sum_MJ": -10267.101557446807, "l_s_r_h_sum_MJ": 0.0, "l_s_r_c_sum_MJ": 0.0, "l_l_c_h_sum_MJ": 0.0, "l_l_c_c_sum_MJ": -2254.418046393877}