{"l_s_c_h_sum_MJ": 31877.135459153833, "l_s_c_c_sum_MJ": -1046.2264601094885, "l_s_r_h_sum_MJ": 0.0, "l_s_r_c_sum_MJ": 0.0, "l_l_c_h_sum_MJ": 0.0, "l_l_c_c_sum_MJ": -53.90103903686648}