{"l_s_c_h_sum_MJ": 14560.834342286395, "l_s_c_c_sum_MJ": -646.6548501960656, "l_s_r_h_sum_MJ": 0.0, "l_s_r_c_sum_MJ": 0.0, "l_l_c_h_sum_MJ": 0.0, "l_l_c_c_sum_MJ": -4.410092901330628}