{"l_s_c_h_sum_MJ": 30508.292691185838, "l_s_c_c_sum_MJ": -1089.985021799867, "l_s_r_h_sum_MJ": 0.0, "l_s_r_c_sum_MJ": 0.0, "l_l_c_h_sum_MJ": 0.0, "l_l_c_c_sum_MJ": -78.9104307614287}