{"l_s_c_h_sum_MJ": 7465.821597007927, "l_s_c_c_sum_MJ": -23105.807276254378, "l_s_r_h_sum_MJ": 0.0, "l_s_r_c_sum_MJ": 0.0, "l_l_c_h_sum_MJ": 0.0, "l_l_c_c_sum_MJ": -8616.890473425285}