{"l_s_c_h_sum_MJ": 19550.307821568254, "l_s_c_c_sum_MJ": -679.053504348045, "l_s_r_h_sum_MJ": 0.0, "l_s_r_c_sum_MJ": 0.0, "l_l_c_h_sum_MJ": 0.0, "l_l_c_c_sum_MJ": -11.193543195251646}