{"l_s_c_h_sum_MJ": 18790.508591983402, "l_s_c_c_sum_MJ": -807.78276589538, "l_s_r_h_sum_MJ": 0.0, "l_s_r_c_sum_MJ": 0.0, "l_l_c_h_sum_MJ": 0.0, "l_l_c_c_sum_MJ": -9.096348501474658}