{"l_s_c_h_sum_MJ": 40341.30342726807, "l_s_c_c_sum_MJ": -1260.4129540160236, "l_s_r_h_sum_MJ": 0.0, "l_s_r_c_sum_MJ": 0.0, "l_l_c_h_sum_MJ": 0.0, "l_l_c_c_sum_MJ": -89.02691568687551}