{"l_s_c_h_sum_MJ": 29440.50914491086, "l_s_c_c_sum_MJ": -8199.334505029106, "l_s_r_h_sum_MJ": 0.0, "l_s_r_c_sum_MJ": 0.0, "l_l_c_h_sum_MJ": 0.0, "l_l_c_c_sum_MJ": -2237.911437915821}