{"l_s_c_h_sum_MJ": 36581.2497762876, "l_s_c_c_sum_MJ": -1307.1047287169802, "l_s_r_h_sum_MJ": 0.0, "l_s_r_c_sum_MJ": 0.0, "l_l_c_h_sum_MJ": 0.0, "l_l_c_c_sum_MJ": -133.02284268418708}