{"l_s_c_h_sum_MJ": 19547.74060090757, "l_s_c_c_sum_MJ": -530.722337323186, "l_s_r_h_sum_MJ": 0.0, "l_s_r_c_sum_MJ": 0.0, "l_l_c_h_sum_MJ": 0.0, "l_l_c_c_sum_MJ": -3.9837782080405812}