{"l_s_c_h_sum_MJ": 3923.5427394078424, "l_s_c_c_sum_MJ": -18575.902004052692, "l_s_r_h_sum_MJ": 0.0, "l_s_r_c_sum_MJ": 0.0, "l_l_c_h_sum_MJ": 0.0, "l_l_c_c_sum_MJ": -6032.983295464386}