{"l_s_c_h_sum_MJ": 1566.7447573923478, "l_s_c_c_sum_MJ": -16310.819903350126, "l_s_r_h_sum_MJ": 0.0, "l_s_r_c_sum_MJ": 0.0, "l_l_c_h_sum_MJ": 0.0, "l_l_c_c_sum_MJ": -6083.808583635283}