{"l_s_c_h_sum_MJ": 16391.187886981, "l_s_c_c_sum_MJ": -6963.4181384968015, "l_s_r_h_sum_MJ": 0.0, "l_s_r_c_sum_MJ": 0.0, "l_l_c_h_sum_MJ": 0.0, "l_l_c_c_sum_MJ": -1570.6899703492168}