{"l_s_c_h_sum_MJ": 8637.478126729477, "l_s_c_c_sum_MJ": -5707.0851995267585, "l_s_r_h_sum_MJ": 0.0, "l_s_r_c_sum_MJ": 0.0, "l_l_c_h_sum_MJ": 0.0, "l_l_c_c_sum_MJ": -1254.4327381676621}