{"l_s_c_h_sum_MJ": 20747.623033607335, "l_s_c_c_sum_MJ": -2185.1455102012824, "l_s_r_h_sum_MJ": 0.0, "l_s_r_c_sum_MJ": 0.0, "l_l_c_h_sum_MJ": 0.0, "l_l_c_c_sum_MJ": -190.05893832081068}