{"l_s_c_h_sum_MJ": 7381.233982474789, "l_s_c_c_sum_MJ": -21858.378681980434, "l_s_r_h_sum_MJ": 0.0, "l_s_r_c_sum_MJ": 0.0, "l_l_c_h_sum_MJ": 0.0, "l_l_c_c_sum_MJ": -8257.828775749109}