{"l_s_c_h_sum_MJ": 26980.67116455213, "l_s_c_c_sum_MJ": -10244.219664823439, "l_s_r_h_sum_MJ": 0.0, "l_s_r_c_sum_MJ": 0.0, "l_l_c_h_sum_MJ": 0.0, "l_l_c_c_sum_MJ": -2577.503998458796}