{"l_s_c_h_sum_MJ": 23659.183271000937, "l_s_c_c_sum_MJ": -1582.9432418781919, "l_s_r_h_sum_MJ": 0.0, "l_s_r_c_sum_MJ": 0.0, "l_l_c_h_sum_MJ": 0.0, "l_l_c_c_sum_MJ": -113.10040316818906}