{"l_s_c_h_sum_MJ": 31376.486848298686, "l_s_c_c_sum_MJ": -10890.425976288388, "l_s_r_h_sum_MJ": 0.0, "l_s_r_c_sum_MJ": 0.0, "l_l_c_h_sum_MJ": 0.0, "l_l_c_c_sum_MJ": -2716.701225864931}