{"l_s_c_h_sum_MJ": 17275.291759337073, "l_s_c_c_sum_MJ": -8424.278450393327, "l_s_r_h_sum_MJ": 0.0, "l_s_r_c_sum_MJ": 0.0, "l_l_c_h_sum_MJ": 0.0, "l_l_c_c_sum_MJ": -1965.766715922615}