{"l_s_c_h_sum_MJ": 760.0952410252626, "l_s_c_c_sum_MJ": -11036.463467234838, "l_s_r_h_sum_MJ": 0.0, "l_s_r_c_sum_MJ": 0.0, "l_l_c_h_sum_MJ": 0.0, "l_l_c_c_sum_MJ": -2713.1040263671857}