{"l_s_c_h_sum_MJ": 34182.23076937872, "l_s_c_c_sum_MJ": -1184.3317976538085, "l_s_r_h_sum_MJ": 0.0, "l_s_r_c_sum_MJ": 0.0, "l_l_c_h_sum_MJ": 0.0, "l_l_c_c_sum_MJ": -98.46149874632864}