{"l_s_c_h_sum_MJ": 11263.28393202583, "l_s_c_c_sum_MJ": -9287.876973259163, "l_s_r_h_sum_MJ": 0.0, "l_s_r_c_sum_MJ": 0.0, "l_l_c_h_sum_MJ": 0.0, "l_l_c_c_sum_MJ": -1829.868135634404}