{"l_s_c_h_sum_MJ": 1104.4530947724447, "l_s_c_c_sum_MJ": -7247.750125593291, "l_s_r_h_sum_MJ": 0.0, "l_s_r_c_sum_MJ": 0.0, "l_l_c_h_sum_MJ": 0.0, "l_l_c_c_sum_MJ": -1842.838222468204}