{"l_s_c_h_sum_MJ": 21024.00958355927, "l_s_c_c_sum_MJ": -1673.5945710224469, "l_s_r_h_sum_MJ": 0.0, "l_s_r_c_sum_MJ": 0.0, "l_l_c_h_sum_MJ": 0.0, "l_l_c_c_sum_MJ": -117.9099132965953}