{"l_s_c_h_sum_MJ": 124.04063783282133, "l_s_c_c_sum_MJ": -16873.903528376, "l_s_r_h_sum_MJ": 0.0, "l_s_r_c_sum_MJ": 0.0, "l_l_c_h_sum_MJ": 0.0, "l_l_c_c_sum_MJ": -5352.464783390439}