{"l_s_c_h_sum_MJ": 34184.6556962143, "l_s_c_c_sum_MJ": -614.9700932906612, "l_s_r_h_sum_MJ": 0.0, "l_s_r_c_sum_MJ": 0.0, "l_l_c_h_sum_MJ": 0.0, "l_l_c_c_sum_MJ": -26.770096894946416}