{"l_s_c_h_sum_MJ": 32000.02703622345, "l_s_c_c_sum_MJ": -2135.565151449372, "l_s_r_h_sum_MJ": 0.0, "l_s_r_c_sum_MJ": 0.0, "l_l_c_h_sum_MJ": 0.0, "l_l_c_c_sum_MJ": -201.66071863253057}