{"l_s_c_h_sum_MJ": 7401.039129439765, "l_s_c_c_sum_MJ": -22308.684258276287, "l_s_r_h_sum_MJ": 0.0, "l_s_r_c_sum_MJ": 0.0, "l_l_c_h_sum_MJ": 0.0, "l_l_c_c_sum_MJ": -8473.99613422712}