{"l_s_c_h_sum_MJ": 20855.175300065333, "l_s_c_c_sum_MJ": -7422.881550990388, "l_s_r_h_sum_MJ": 0.0, "l_s_r_c_sum_MJ": 0.0, "l_l_c_h_sum_MJ": 0.0, "l_l_c_c_sum_MJ": -1923.1446076572472}