{"l_s_c_h_sum_MJ": 12699.378188869126, "l_s_c_c_sum_MJ": -859.128379093023, "l_s_r_h_sum_MJ": 0.0, "l_s_r_c_sum_MJ": 0.0, "l_l_c_h_sum_MJ": 0.0, "l_l_c_c_sum_MJ": -12.069458880802427}