{"l_s_c_h_sum_MJ": 10036.757025161818, "l_s_c_c_sum_MJ": -5416.371375216487, "l_s_r_h_sum_MJ": 0.0, "l_s_r_c_sum_MJ": 0.0, "l_l_c_h_sum_MJ": 0.0, "l_l_c_c_sum_MJ": -1080.0404636408093}