{"l_s_c_h_sum_MJ": 12681.35052409352, "l_s_c_c_sum_MJ": -7326.50046739767, "l_s_r_h_sum_MJ": 0.0, "l_s_r_c_sum_MJ": 0.0, "l_l_c_h_sum_MJ": 0.0, "l_l_c_c_sum_MJ": -1525.0919051951043}