{"l_s_c_h_sum_MJ": 990.2300248196157, "l_s_c_c_sum_MJ": -7939.981043978292, "l_s_r_h_sum_MJ": 0.0, "l_s_r_c_sum_MJ": 0.0, "l_l_c_h_sum_MJ": 0.0, "l_l_c_c_sum_MJ": -3041.9333225259693}