{"l_s_c_h_sum_MJ": 1158.8959465832531, "l_s_c_c_sum_MJ": -7835.18158762225, "l_s_r_h_sum_MJ": 0.0, "l_s_r_c_sum_MJ": 0.0, "l_l_c_h_sum_MJ": 0.0, "l_l_c_c_sum_MJ": -1986.9387848617368}