{"l_s_c_h_sum_MJ": 19131.83364503187, "l_s_c_c_sum_MJ": -2634.0141835114987, "l_s_r_h_sum_MJ": 0.0, "l_s_r_c_sum_MJ": 0.0, "l_l_c_h_sum_MJ": 0.0, "l_l_c_c_sum_MJ": -209.3232986739608}