{"l_s_c_h_sum_MJ": 30168.487657444748, "l_s_c_c_sum_MJ": -10855.574202119496, "l_s_r_h_sum_MJ": 0.0, "l_s_r_c_sum_MJ": 0.0, "l_l_c_h_sum_MJ": 0.0, "l_l_c_c_sum_MJ": -2580.4149967221906}