{"l_s_c_h_sum_MJ": 3924.081598349685, "l_s_c_c_sum_MJ": -19593.108893381162, "l_s_r_h_sum_MJ": 0.0, "l_s_r_c_sum_MJ": 0.0, "l_l_c_h_sum_MJ": 0.0, "l_l_c_c_sum_MJ": -6350.988197884515}