{"l_s_c_h_sum_MJ": 33328.624133746445, "l_s_c_c_sum_MJ": -2056.589226386218, "l_s_r_h_sum_MJ": 0.0, "l_s_r_c_sum_MJ": 0.0, "l_l_c_h_sum_MJ": 0.0, "l_l_c_c_sum_MJ": -142.2683838929515}