{"l_s_c_h_sum_MJ": 6292.5498626300105, "l_s_c_c_sum_MJ": -20382.325536083095, "l_s_r_h_sum_MJ": 0.0, "l_s_r_c_sum_MJ": 0.0, "l_l_c_h_sum_MJ": 0.0, "l_l_c_c_sum_MJ": -7963.650635579368}