{"l_s_c_h_sum_MJ": 27599.743335697476, "l_s_c_c_sum_MJ": -2077.987601979317, "l_s_r_h_sum_MJ": 0.0, "l_s_r_c_sum_MJ": 0.0, "l_l_c_h_sum_MJ": 0.0, "l_l_c_c_sum_MJ": -180.68207263274667}