{"l_s_c_h_sum_MJ": 23671.235973771985, "l_s_c_c_sum_MJ": -1397.387372448159, "l_s_r_h_sum_MJ": 0.0, "l_s_r_c_sum_MJ": 0.0, "l_l_c_h_sum_MJ": 0.0, "l_l_c_c_sum_MJ": -117.93142346691354}