{"l_s_c_h_sum_MJ": 38098.397690676014, "l_s_c_c_sum_MJ": -667.2467936896799, "l_s_r_h_sum_MJ": 0.0, "l_s_r_c_sum_MJ": 0.0, "l_l_c_h_sum_MJ": 0.0, "l_l_c_c_sum_MJ": -33.28188562776009}