{"l_s_c_h_sum_MJ": 16672.328417328383, "l_s_c_c_sum_MJ": -5807.845838290355, "l_s_r_h_sum_MJ": 0.0, "l_s_r_c_sum_MJ": 0.0, "l_l_c_h_sum_MJ": 0.0, "l_l_c_c_sum_MJ": -844.3540025823575}