{"l_s_c_h_sum_MJ": 4055.043471733427, "l_s_c_c_sum_MJ": -17643.10387691709, "l_s_r_h_sum_MJ": 0.0, "l_s_r_c_sum_MJ": 0.0, "l_l_c_h_sum_MJ": 0.0, "l_l_c_c_sum_MJ": -5889.805335412225}