{"l_s_c_h_sum_MJ": 20432.21184008971, "l_s_c_c_sum_MJ": -849.9564346800926, "l_s_r_h_sum_MJ": 0.0, "l_s_r_c_sum_MJ": 0.0, "l_l_c_h_sum_MJ": 0.0, "l_l_c_c_sum_MJ": -11.136791616018495}