{"l_s_c_h_sum_MJ": 11845.492347252562, "l_s_c_c_sum_MJ": -7587.521852383885, "l_s_r_h_sum_MJ": 0.0, "l_s_r_c_sum_MJ": 0.0, "l_l_c_h_sum_MJ": 0.0, "l_l_c_c_sum_MJ": -1704.4540820923587}