{"l_s_c_h_sum_MJ": 2888.634963898049, "l_s_c_c_sum_MJ": -23469.650050731976, "l_s_r_h_sum_MJ": 0.0, "l_s_r_c_sum_MJ": 0.0, "l_l_c_h_sum_MJ": 0.0, "l_l_c_c_sum_MJ": -7413.834374860287}