{"l_s_c_h_sum_MJ": 28863.078818487906, "l_s_c_c_sum_MJ": -2019.3462403221788, "l_s_r_h_sum_MJ": 0.0, "l_s_r_c_sum_MJ": 0.0, "l_l_c_h_sum_MJ": 0.0, "l_l_c_c_sum_MJ": -127.58246709357081}