{"l_s_c_h_sum_MJ": 19956.707647192667, "l_s_c_c_sum_MJ": -1465.317597499452, "l_s_r_h_sum_MJ": 0.0, "l_s_r_c_sum_MJ": 0.0, "l_l_c_h_sum_MJ": 0.0, "l_l_c_c_sum_MJ": -91.49163818930609}