{"l_s_c_h_sum_MJ": 18951.70884960762, "l_s_c_c_sum_MJ": -2595.0534275752198, "l_s_r_h_sum_MJ": 0.0, "l_s_r_c_sum_MJ": 0.0, "l_l_c_h_sum_MJ": 0.0, "l_l_c_c_sum_MJ": -230.63509872615316}